4.052953720092773	2.694333076477051	0.0	1.7530510425567627	0.45347002148628235	0.6945168972015381	0.0	2.1716840267181396	4.036783695220947	1.5875085592269897	1.1700150966644287	2.5048763751983643	0.3599306046962738	1.8657974004745483	0.7319534420967102	0.8186433911323547	0.7809102535247803	1.3806535005569458	0.5830389857292175	1.8426008224487305	0.7222033739089966	1.209604024887085	0.0	0.8272264003753662	0.0	3.865831136703491	2.093041181564331	0.9670745134353638	0.024274351075291634	0.14282068610191345	0.0	0.6280388236045837	0.17439456284046173	3.111288547515869	3.545619249343872	0.850877583026886	0.05737756937742233	1.9994535446166992	2.0301754474639893	1.7021714448928833	1.1207338571548462	2.243345260620117	0.662704348564148	1.8984601497650146	0.6359055638313293	0.3330959677696228	0.9929754137992859	0.06914988160133362	0.0	0.6729238033294678	2.081864833831787	0.2989341914653778	1.5823761224746704	2.227675437927246	2.3643898963928223	1.6968634128570557	0.45857611298561096	1.0927661657333374	0.0	4.512546062469482	0.0	1.8996466398239136	1.371072769165039	2.447580099105835
0.9014597535133362	1.6791213750839233	0.767408549785614	1.002848505973816	2.0736289024353027	0.040212471038103104	0.4290332794189453	1.45089590549469	0.0	2.302381753921509	0.6701092720031738	0.8714100122451782	0.0	0.45671096444129944	1.7499418258666992	3.35959792137146	0.025347160175442696	0.9327669739723206	2.5567309856414795	0.7067422866821289	0.8072047829627991	2.5493640899658203	0.3946889340877533	0.38429200649261475	0.8747574687004089	2.821049928665161	2.7333035469055176	3.6204752922058105	0.3775407373905182	2.977020740509033	1.6570689678192139	0.0	1.8040767908096313	2.026613235473633	0.0	0.24815239012241364	1.0770025253295898	0.04938565567135811	0.0	0.5491616725921631	4.628716468811035	0.7805137634277344	1.1120662689208984	0.6977972388267517	2.8766260147094727	0.9935076832771301	0.0	0.9979082942008972	2.7576396465301514	1.3850709199905396	0.6274360418319702	1.4623476266860962	0.8539018630981445	0.5623645782470703	2.4087753295898438	0.6553379893302917	0.0	0.9191048741340637	1.0977908372879028	0.18764328956604004	1.0961803197860718	1.9493730068206787	1.8231825828552246	0.5067216753959656
0.0	0.0	2.918905019760132	0.6291590929031372	0.7185918092727661	0.3357710540294647	3.3010077476501465	0.0	0.4419451653957367	0.0	0.0	0.3457150161266327	0.9968616366386414	1.0495073795318604	0.38201335072517395	1.3790618181228638	3.1725118160247803	0.0	0.3094331920146942	0.0	2.9319872856140137	0.0	3.810180902481079	1.2372870445251465	0.6156330704689026	0.0	0.3857119381427765	0.0	3.8717710971832275	0.4317212700843811	0.15607088804244995	0.388800710439682	0.0	0.0	0.0	2.4837229251861572	0.27808600664138794	0.0	1.443805456161499	0.4383498430252075	0.0	0.0	2.5484955310821533	1.021025538444519	0.05828342214226723	1.4125779867172241	0.7042183876037598	4.274941921234131	2.0988101959228516	2.0397095680236816	0.0	1.7263493537902832	1.7199323177337646	0.0	0.0	1.2771732807159424	2.679643154144287	0.0	1.4083200693130493	0.0	3.053241014480591	1.9445029497146606	0.2444847822189331	0.20877555012702942
3.785334348678589	2.4021785259246826	0.345184862613678	2.093196392059326	0.0	1.391797661781311	0.0	2.3390798568725586	5.72935152053833	0.8765232563018799	1.6409865617752075	2.7285923957824707	1.0557254552841187	1.6144806146621704	0.0	0.23162102699279785	1.2613880634307861	1.4731464385986328	0.11232995986938477	2.0823111534118652	0.7120885848999023	1.3538789749145508	0.0	0.8814608454704285	0.02432125434279442	2.99601149559021	1.68842613697052	0.5042106509208679	0.0	0.3152490258216858	0.17129117250442505	1.4494397640228271	0.06341332197189331	2.859250783920288	3.1240944862365723	1.0474233627319336	0.2774195373058319	2.008990526199341	2.2078750133514404	0.25828197598457336	0.9812349677085876	1.5837695598602295	0.6644482612609863	0.8113232851028442	0.0	0.712807834148407	2.1287105083465576	1.1299757957458496	0.0	0.14036151766777039	2.354973077774048	0.7593367695808411	1.4965261220932007	1.9035301208496094	1.5963611602783203	1.7934856414794922	2.5795655250549316	1.353531002998352	0.3016395568847656	3.1781978607177734	0.0	1.703291416168213	1.8044044971466064	2.4825544357299805
0.9506436586380005	0.17716310918331146	2.1157164573669434	0.8009278178215027	3.0593690872192383	0.4909835755825043	2.1168484687805176	0.21327148377895355	0.0	3.4363887310028076	0.1444484442472458	1.5000605583190918	0.0	0.0	2.407315254211426	1.4998037815093994	0.001217558397911489	0.0	1.9666415452957153	0.0	0.4695703983306885	0.0	3.890043020248413	0.2755608856678009	0.0	1.1116582155227661	0.413565993309021	2.56904935836792	1.9205552339553833	0.06820511817932129	0.5030093789100647	0.0	1.6375038623809814	0.5594425797462463	1.1555187702178955	1.855042576789856	0.9757550954818726	0.06744027137756348	0.0	0.0	3.7850284576416016	1.3899132013320923	0.0	1.2577067613601685	1.0155853033065796	2.726694107055664	0.7715964317321777	0.5870661735534668	0.10895722359418869	0.256320983171463	0.0	0.0	0.0	0.012345228344202042	1.212960958480835	2.547250270843506	0.0	2.372164487838745	1.1503732204437256	0.1420321762561798	2.9864985942840576	0.0	0.0	0.0
1.485478401184082	2.6257753372192383	0.0	2.402070999145508	0.0	1.9252058267593384	0.0	0.2822161912918091	3.963107109069824	0.2482920140028	0.7886531949043274	0.6298699378967285	1.3434348106384277	2.1282787322998047	0.4458099603652954	0.0	0.8917059898376465	1.2863876819610596	0.7879961729049683	1.3207982778549194	0.07536520808935165	0.0	0.0	1.7121127843856812	0.0	0.22044460475444794	0.7074445486068726	0.5704676508903503	0.0	0.0	0.0	0.7868478894233704	0.48053818941116333	2.1237919330596924	1.2358102798461914	1.446691632270813	0.11539072543382645	1.3354634046554565	2.29030442237854	1.0977991819381714	0.0	0.78838711977005	2.468588352203369	0.8632344603538513	0.05413467437028885	0.0	2.0292727947235107	0.0	1.7872943878173828	0.3777596950531006	0.7993273138999939	2.0021488666534424	2.1134190559387207	0.48185643553733826	0.0	0.0	2.18750262260437	2.2745378017425537	0.0	3.7888259887695312	0.0	2.754077434539795	1.7175511121749878	1.8870549201965332
0.0	2.364412784576416	0.42713475227355957	2.7685744762420654	0.0	1.6044608354568481	1.2197496891021729	0.35105258226394653	4.357609272003174	0.0	0.5565987229347229	0.0	1.8949741125106812	1.224395990371704	0.0	0.0	1.9717059135437012	0.7951480746269226	0.867514967918396	0.9304119348526001	1.293519139289856	0.0	0.41259726881980896	1.6871883869171143	0.017629023641347885	0.0	1.8352973461151123	0.0	0.5623019933700562	0.0	0.7617650628089905	1.9922281503677368	0.4639317989349365	1.7817367315292358	1.2101571559906006	1.3625547885894775	0.0	0.6048843860626221	2.352332353591919	0.7471560835838318	0.0	0.004134188871830702	2.103093385696411	0.824124276638031	0.0	0.8389584422111511	1.863580346107483	1.5568840503692627	2.3353664875030518	1.084438681602478	0.0	1.8814488649368286	2.5929043292999268	0.24383683502674103	0.0	0.7709953188896179	3.5345299243927	0.4402831792831421	0.6005898118019104	2.846308469772339	0.7181558012962341	2.3268816471099854	0.950590193271637	1.231497883796692
0.33883219957351685	0.6278347969055176	2.1383986473083496	0.5063889622688293	0.0	0.0	2.45837664604187	3.6505165100097656	4.33683967590332	0.02269798330962658	0.0	0.10721774399280548	1.4597935676574707	0.0	0.03442441672086716	0.0	0.5293880701065063	0.7033683657646179	0.016143761575222015	1.342246174812317	0.1359788030385971	2.3559045791625977	2.0836238861083984	2.8292582035064697	1.1128079891204834	0.0	0.0	0.0	0.7616530060768127	2.50460147857666	1.7545191049575806	1.101447582244873	1.1604872941970825	0.36217957735061646	2.3771939277648926	0.669581949710846	1.784595251083374	2.0043928623199463	0.5674275755882263	2.248605489730835	0.0	0.9747439622879028	0.03790776804089546	2.6832776069641113	0.0	1.5137274265289307	0.0	1.287866473197937	3.2235991954803467	2.738084554672241	0.0581338070333004	0.43162575364112854	0.0	2.2933459281921387	0.12283255904912949	1.7717870473861694	1.6934640407562256	0.0	0.8859230875968933	3.047909736633301	0.7125241756439209	0.3164623975753784	0.0	0.37241971492767334
3.169059991836548	2.011216402053833	1.1837435960769653	1.9537065029144287	1.1445600986480713	1.1812008619308472	0.4360947906970978	2.761136293411255	2.954864740371704	1.9821617603302002	0.6483228802680969	2.076472043991089	0.5411274433135986	1.7340083122253418	0.45658424496650696	0.0	1.2601667642593384	1.1549121141433716	2.0109071731567383	1.8612140417099	0.5579895377159119	2.102228879928589	0.0	0.3017332851886749	0.10067632794380188	3.7517645359039307	1.7045468091964722	0.8523759841918945	0.88176029920578	0.7168881297111511	0.599112331867218	0.33811530470848083	0.027872372418642044	2.7270209789276123	2.801835298538208	1.0603160858154297	0.0	2.0788302421569824	2.1536619663238525	0.08392482250928879	0.21213622391223907	2.2504842281341553	0.21852028369903564	2.3903212547302246	0.3238338828086853	0.5609843730926514	1.6344900131225586	0.6942232251167297	0.0	0.05055902153253555	1.9639382362365723	0.2441038340330124	1.571420431137085	2.6855127811431885	1.7842118740081787	2.75864577293396	1.8383593559265137	0.6541202664375305	0.18811984360218048	1.7688767910003662	0.0	1.621098279953003	0.7269295454025269	2.1757421493530273
1.0502201318740845	0.7044219374656677	2.0513172149658203	0.6517337560653687	2.6312685012817383	0.49700042605400085	0.9654538631439209	0.25818338990211487	0.0	3.3581881523132324	0.15777358412742615	1.5488817691802979	0.0	0.0	2.8443620204925537	2.27751088142395	0.0	0.13090018928050995	2.0476417541503906	0.0	0.5473374128341675	0.34260034561157227	2.7230265140533447	0.0	0.2689341902732849	2.1775670051574707	1.4067374467849731	2.9733853340148926	1.3631941080093384	0.42418327927589417	0.48122483491897583	0.0	1.438565969467163	0.8250210285186768	0.7297242879867554	1.3320109844207764	1.0312206745147705	0.14690090715885162	0.0	0.0	4.335052490234375	1.2867556810379028	0.0	2.0038697719573975	2.5668957233428955	2.1834194660186768	0.5586487054824829	0.0	0.21349793672561646	0.0	0.0	0.0	0.19677850604057312	0.0	2.0135135650634766	2.0809035301208496	0.0	2.8097236156463623	0.984006404876709	0.0	2.8457448482513428	0.9281235933303833	1.3344383239746094	0.0
0.6452224254608154	1.0885026454925537	1.6673611402511597	0.0	2.6674394607543945	0.33138027787208557	0.5571426749229431	0.0	0.0	4.021743297576904	0.0	1.5030543804168701	0.0	0.0	2.562621593475342	3.67490291595459	0.0	0.013244008645415306	2.2282183170318604	0.0	0.35322147607803345	1.246663212776184	2.3913533687591553	0.0	0.0	2.246500015258789	1.6649929285049438	2.9782395362854004	1.1240451335906982	1.5561119318008423	0.859004020690918	0.36481863260269165	2.2668490409851074	1.0217992067337036	0.29330214858055115	1.1540776491165161	1.0684430599212646	0.0	0.0	0.1929616928100586	4.366213321685791	1.305718183517456	0.0	1.19912850856781	2.904125928878784	1.860979676246643	0.2252333164215088	1.6763006448745728	1.27251398563385	0.18318191170692444	0.0	0.6532927751541138	0.7239332795143127	0.0	2.1193597316741943	1.0052871704101562	0.0	2.924123525619507	1.1598533391952515	0.0	2.8711721897125244	0.5961044430732727	1.521371603012085	0.0
1.3571823835372925	0.09124886989593506	2.5936334133148193	0.0	2.4653079509735107	0.860216498374939	1.3964005708694458	0.0	0.0	3.151191234588623	0.10034625977277756	1.135597825050354	0.0	0.0	3.3201565742492676	2.532686471939087	0.0	0.13759100437164307	2.00270414352417	0.0	0.0	0.23462581634521484	3.0538454055786133	0.0	0.0	2.551565170288086	1.3572200536727905	2.881103038787842	1.6903342008590698	0.0	1.0384286642074585	0.46351611614227295	2.0516586303710938	0.4414616525173187	0.7268204689025879	0.9380347728729248	1.1271493434906006	0.0	0.0	0.0	4.135977268218994	0.7514979243278503	0.0	2.0635197162628174	2.2264366149902344	2.218531370162964	0.43288013339042664	1.5711816549301147	0.0	0.14182241261005402	0.0	0.0	0.6191874146461487	0.0	1.1278021335601807	1.8030394315719604	0.0	3.0206682682037354	2.5299675464630127	0.0	3.5635986328125	0.46389707922935486	1.001774549484253	0.5078353881835938
3.268497943878174	1.969909906387329	0.0	2.1125497817993164	0.0	0.898730993270874	0.0	1.6782883405685425	5.073578357696533	0.5920209884643555	1.573657512664795	2.8556535243988037	1.5252786874771118	2.5932676792144775	0.06623130291700363	0.4949222505092621	0.2916017472743988	0.3020361661911011	0.03415669500827789	2.1006133556365967	0.1668650209903717	0.833570122718811	0.0	1.1730146408081055	0.0	2.583987236022949	1.5390444993972778	0.14877720177173615	0.0	0.0	0.3908317983150482	1.4507051706314087	0.37075692415237427	2.8514046669006348	2.77862548828125	0.7061420679092407	0.0	1.9106837511062622	1.0724698305130005	1.047420620918274	0.05305429548025131	1.7322636842727661	0.8284727334976196	1.6466164588928223	0.0	0.8307982683181763	1.3014887571334839	0.5588374733924866	0.3727862238883972	0.039585087448358536	2.18105149269104	0.26581040024757385	1.310324788093567	1.5440181493759155	1.0862551927566528	1.38102126121521	2.991995334625244	1.4395697116851807	0.3571551442146301	2.254943609237671	0.16801878809928894	2.7068593502044678	1.9901996850967407	1.9223326444625854
0.4550439119338989	2.531932830810547	0.0	2.334956169128418	0.23823945224285126	2.101090669631958	1.7993625402450562	0.9382137656211853	5.007042407989502	0.0	0.8154346346855164	0.6443891525268555	1.5704699754714966	2.449772357940674	0.0	0.22187183797359467	2.831958532333374	1.2962944507598877	0.13406813144683838	1.9060758352279663	2.104295015335083	0.5720627307891846	0.0	1.8430445194244385	0.5455852746963501	1.1131666898727417	2.652069330215454	0.8631347417831421	0.672920823097229	0.5128424167633057	0.8229283094406128	1.6486635208129883	0.06009636074304581	2.7237088680267334	1.241607427597046	2.9302144050598145	0.0	1.1304582357406616	1.9840399026870728	0.7431904673576355	0.0	0.42482614517211914	2.2278811931610107	0.3936205804347992	0.0	1.2712030410766602	2.532076120376587	1.6723781824111938	2.1658098697662354	1.1298420429229736	1.1486358642578125	2.654301166534424	2.393207550048828	0.4454401135444641	0.0	1.0692975521087646	3.6560146808624268	1.8396780490875244	0.13692235946655273	3.120899200439453	0.332812637090683	1.7131472826004028	1.1269919872283936	2.109990358352661
0.6710134148597717	0.1946219503879547	2.5406699180603027	0.0	3.725804090499878	1.4945403337478638	0.8161503672599792	1.364727258682251	0.7398883700370789	2.617945432662964	0.0	0.35781875252723694	0.0	0.7017354369163513	1.9183549880981445	2.601489305496216	0.0	0.2739834785461426	2.5563251972198486	0.0	0.0	1.584498643875122	3.3662338256835938	0.0	0.3681175410747528	1.3869452476501465	1.5769284963607788	2.701528787612915	2.7728774547576904	0.4794221818447113	1.467151165008545	1.1938694715499878	2.1483535766601562	1.4040592908859253	0.8682467341423035	0.9371686577796936	0.6029655337333679	0.0	0.9361068606376648	0.0	4.50523042678833	0.3970181345939636	0.5213602781295776	0.8215745687484741	1.8932420015335083	0.9681774377822876	0.971534788608551	2.5069074630737305	0.05771759897470474	0.4179234504699707	0.0	0.0	2.059452533721924	0.06100846827030182	2.144597053527832	1.0202370882034302	1.0706787109375	2.604881763458252	1.209383249282837	0.0	1.6553895473480225	2.8650429248809814	1.1555414199829102	0.31543219089508057
3.8573312759399414	1.3761175870895386	0.236726775765419	1.610202431678772	0.0	0.48903363943099976	0.0	2.671842098236084	2.5941505432128906	1.497326374053955	1.5946801900863647	3.337440252304077	1.1457901000976562	2.0558927059173584	0.39612603187561035	0.5432541966438293	0.39128223061561584	0.0	0.0	1.8373401165008545	0.0	1.871646523475647	0.0	0.7092674970626831	0.0	3.767270803451538	1.1068917512893677	0.36718082427978516	0.0	0.4821942150592804	0.0	0.8237532377243042	0.0	2.6757359504699707	3.529130697250366	0.0	0.8944916129112244	2.136911392211914	1.3534481525421143	0.4017447233200073	0.0	2.465867280960083	0.0	2.925060749053955	0.3079909682273865	0.1133359745144844	0.7582751512527466	0.43798092007637024	0.04444929584860802	1.3407328128814697	2.359049081802368	0.0	0.8236571550369263	2.7402336597442627	2.130126953125	2.947925567626953	0.8318827748298645	1.1786834001541138	0.3508988618850708	2.710655689239502	0.27607452869415283	1.2628735303878784	0.8666814565658569	1.599987268447876
0.4761315882205963	1.6800259351730347	1.4480127096176147	2.0875742435455322	0.7545812726020813	1.4696685075759888	2.309934377670288	0.4471132457256317	2.602891206741333	0.0	0.32403165102005005	0.23733042180538177	1.8718539476394653	2.382075786590576	0.0	0.7528180480003357	3.2499101161956787	0.7739985585212708	0.059321850538253784	0.8602157831192017	2.488452672958374	0.0	1.9968713521957397	1.8003084659576416	0.8669529557228088	0.3000069260597229	1.8981894254684448	0.0	2.3868703842163086	0.3110501170158386	0.0	1.5021497011184692	0.0	1.6860036849975586	0.16076971590518951	2.3376331329345703	0.0	0.5405942797660828	2.2827556133270264	0.8191686272621155	0.0	0.0	2.477548599243164	0.0	0.0	1.141101360321045	1.7767995595932007	4.207815170288086	2.2817633152008057	0.9817731976509094	0.356097549200058	2.1081786155700684	2.748096466064453	0.15051116049289703	0.0	0.47888144850730896	3.0955796241760254	0.1817333996295929	1.5558924674987793	1.4641085863113403	1.6388168334960938	2.7106142044067383	0.7469037175178528	1.3807108402252197
3.296647071838379	1.9720066785812378	0.6089578866958618	1.3011996746063232	0.37230998277664185	1.0376378297805786	0.7442733645439148	4.101013660430908	1.4500586986541748	1.569148302078247	1.8183494806289673	2.375572919845581	0.0012983517954126	1.6685945987701416	0.20673967897891998	0.6911779046058655	0.9728087782859802	0.34840917587280273	1.9879180192947388	1.3360477685928345	0.4631597399711609	2.338731288909912	0.0	0.0	0.4463917016983032	4.2776570320129395	1.1125171184539795	1.1155186891555786	0.4471457004547119	1.3324795961380005	0.06382690370082855	0.11048483103513718	0.0	2.4182932376861572	2.6956593990325928	0.10478521138429642	0.17247216403484344	1.906073808670044	0.9616121053695679	0.12787432968616486	1.0867592096328735	2.1678466796875	0.0	1.3455984592437744	0.403717041015625	0.0	0.5610069632530212	1.289249300956726	0.0	0.3718615472316742	1.950385332107544	0.015041839331388474	0.34413230419158936	3.229221820831299	2.284635066986084	2.7668402194976807	0.3033135235309601	0.9044309258460999	0.599665641784668	2.1222145557403564	0.0	1.0487823486328125	0.9301339983940125	0.7639590501785278
0.5495195388793945	1.5506051778793335	0.8350344896316528	1.2096272706985474	2.447359323501587	0.17960722744464874	0.47918516397476196	2.1095638275146484	0.0	1.4526888132095337	0.3344220221042633	0.2627837657928467	0.0	0.0	0.01761610619723797	2.5366671085357666	0.15934179723262787	1.2043818235397339	2.0174829959869385	0.6944184303283691	0.5528517365455627	2.9939937591552734	0.0	0.6726991534233093	1.585174322128296	2.787158966064453	1.8390544652938843	3.641653060913086	0.0	3.657228469848633	1.6316710710525513	0.0	2.059471607208252	1.5869897603988647	0.056477103382349014	1.2332745790481567	0.7968246936798096	0.10717015713453293	0.0	1.1458945274353027	4.81934118270874	0.30428215861320496	0.603738009929657	0.0	1.6123080253601074	0.0	0.20988567173480988	0.19022558629512787	3.1097350120544434	1.2870886325836182	0.9362078309059143	1.519860029220581	0.0	1.0316017866134644	2.218780517578125	0.0	0.0	0.0	0.0	0.6411495208740234	0.0	1.3899750709533691	1.6093225479125977	0.21928411722183228
2.048858880996704	1.864891767501831	0.0	2.9812915325164795	0.0	1.359808087348938	0.07450524717569351	1.3818204402923584	5.288964748382568	0.583617627620697	1.2214089632034302	1.6973158121109009	1.9002670049667358	1.0390933752059937	0.09902229905128479	0.0	1.145980954170227	0.7228409051895142	0.0	1.8694310188293457	0.3733461797237396	0.6497446298599243	0.6258240342140198	1.7015293836593628	0.0	1.5130740404129028	1.3154771327972412	0.15722401440143585	0.0	0.2973349988460541	0.19690117239952087	1.3077884912490845	0.5974233746528625	2.651357412338257	2.813020944595337	1.7514251470565796	0.5216197371482849	1.5817683935165405	2.506335496902466	0.9829089641571045	0.0	0.9006103277206421	1.898160457611084	2.6470985412597656	0.0	0.8332235217094421	2.4970779418945312	0.0	1.3066797256469727	1.0506610870361328	1.2611380815505981	1.58836030960083	1.6584887504577637	1.5104777812957764	0.00018963756156153977	1.1269862651824951	2.6761434078216553	1.485935091972351	0.01596211828291416	3.060197353363037	0.3699873089790344	0.6390212178230286	1.6177059412002563	1.9587452411651611
0.0	0.0	2.5809051990509033	0.976044774055481	1.0384783744812012	0.8152610063552856	3.594937801361084	0.0	0.4057578146457672	0.0	0.0	0.061700720340013504	1.1523035764694214	0.6752186417579651	0.20476390421390533	0.9908193349838257	3.2005221843719482	0.0	0.2828861474990845	0.0	2.897292137145996	0.0	3.4521560668945312	1.29823637008667	0.9727717041969299	0.0	0.0	0.0	3.4532628059387207	0.6492475271224976	0.48177704215049744	0.40595513582229614	0.0	0.0	0.0	2.328260660171509	0.7272922992706299	0.0	1.1541029214859009	0.003880116157233715	0.0	0.0	1.829463005065918	0.9367378354072571	0.0	1.5528942346572876	0.9931079745292664	3.2030224800109863	2.0773844718933105	0.9578002691268921	0.0	1.727949857711792	1.5806339979171753	0.0	0.0	1.4702259302139282	2.179447650909424	0.0	1.0491951704025269	0.0	2.4645140171051025	1.2050025463104248	0.0	0.27352696657180786
1.454743504524231	0.0	2.149770736694336	0.0	3.494473934173584	0.9790474772453308	2.0769639015197754	0.9839428067207336	0.0	3.4192185401916504	0.0	1.1533846855163574	0.0	0.3163108229637146	2.8628904819488525	1.902898907661438	0.0	0.0	2.944626808166504	0.0	0.0	0.0	3.3282899856567383	0.0	0.0	2.4158554077148438	1.0766454935073853	2.564116954803467	1.658022403717041	0.0	0.2254379689693451	0.302442342042923	1.5896120071411133	0.08242703229188919	0.6288512945175171	0.3125196695327759	1.139556884765625	0.0	0.0	0.0	4.308750152587891	0.96662437915802	0.0	1.8256202936172485	2.0149624347686768	2.144479751586914	0.4135187268257141	1.596471905708313	0.0	0.646831214427948	0.0	0.0	0.8586946725845337	0.0	0.7174143195152283	2.137087106704712	0.06964202225208282	2.3853254318237305	1.1116868257522583	0.0	3.273989200592041	1.3907328844070435	1.6752700805664062	0.0
0.0	0.0	1.9773454666137695	1.2500965595245361	0.3976784646511078	1.5176329612731934	2.967324733734131	0.0	2.015627384185791	0.0	0.0	0.0	1.6055259704589844	0.9322121143341064	0.0	0.31072762608528137	2.7844367027282715	0.47761568427085876	0.12590651214122772	0.0	2.375990867614746	0.0	2.703902006149292	1.5659037828445435	0.8285406231880188	0.0	0.158724844455719	0.0	2.3893625736236572	0.3309885561466217	0.7341761589050293	1.2298963069915771	0.47918006777763367	0.0	0.0	2.816089153289795	0.0342266708612442	0.0	1.3096544742584229	0.3366754949092865	0.0	0.0	2.691632032394409	0.5212383270263672	0.0	1.3326150178909302	1.453477382659912	2.5623040199279785	2.1233532428741455	1.5328638553619385	0.0	2.2072815895080566	2.5377986431121826	0.0	0.0	0.20188891887664795	2.9414072036743164	0.0	0.94144207239151	0.061703383922576904	2.2186410427093506	1.7742191553115845	0.26928824186325073	0.0
0.0	2.0068581104278564	0.7727646231651306	2.872159242630005	0.0	1.4027154445648193	0.0	0.7104209065437317	5.447849750518799	0.02314094267785549	0.044395480304956436	0.0	1.4392142295837402	0.9103677868843079	0.0962744802236557	0.08950891345739365	1.7980313301086426	1.244949221611023	0.2706006169319153	1.1054222583770752	0.6967400908470154	0.5730201005935669	0.4405744969844818	1.548677921295166	0.0	0.0	0.8282902836799622	0.0	0.0	0.1373210847377777	0.6084592342376709	1.7458046674728394	1.1839948892593384	2.571998119354248	2.2695975303649902	2.512784242630005	0.1792316734790802	0.7799708843231201	2.9953155517578125	0.4353445768356323	0.0	0.8586387634277344	2.095484733581543	1.403190016746521	0.0	0.5710957646369934	2.5927255153656006	0.021003874018788338	0.9394925236701965	0.7821608781814575	0.12139478325843811	1.0946295261383057	2.5173261165618896	1.1867729425430298	0.0	0.6411054730415344	3.227390766143799	0.7543975710868835	0.4572989344596863	3.161491632461548	0.3020162880420685	0.802262544631958	1.348171591758728	2.4673843383789062
2.4072489738464355	2.3187179565429688	0.0	2.722607374191284	0.06325318664312363	1.9536926746368408	0.47900912165641785	0.0	4.863670349121094	0.03310452774167061	1.0369389057159424	1.219544768333435	0.9015630483627319	1.9121317863464355	0.0	0.1519450843334198	3.2161717414855957	2.00473690032959	0.0	1.5246163606643677	1.9765475988388062	0.35121262073516846	0.0	1.8713951110839844	0.12714160978794098	1.207517385482788	2.0163657665252686	0.1706477850675583	0.40076032280921936	0.0957319512963295	0.0	0.7211962342262268	0.0	3.0091776847839355	0.6238440275192261	2.7450029850006104	0.04839661344885826	0.9774044156074524	2.802325487136841	0.9275193214416504	0.0	1.1215462684631348	2.7987003326416016	0.3063797354698181	0.11277329921722412	0.0	2.4150407314300537	0.0	1.7528712749481201	0.7076961398124695	1.5046032667160034	2.0251693725585938	2.4517552852630615	0.24772948026657104	0.37073466181755066	0.24179646372795105	1.5306487083435059	2.191228151321411	0.030327655375003815	2.8914263248443604	0.0	1.1821367740631104	1.858492374420166	2.236787796020508
1.0498822927474976	0.31072327494621277	2.5610899925231934	0.9889945387840271	0.0	0.0	2.844212055206299	4.0351948738098145	2.867605447769165	0.41285404562950134	0.2742176353931427	0.0	1.7603307962417603	0.0	0.0	0.49477291107177734	0.7174561619758606	0.20633931457996368	0.0	0.8828529715538025	0.22408054769039154	2.3007404804229736	2.0869345664978027	1.9493467807769775	1.0063477754592896	0.0	0.23275135457515717	0.0	0.13535839319229126	3.0025792121887207	0.6885197162628174	1.2016395330429077	1.3244839906692505	1.1696093082427979	2.682500123977661	0.4638170897960663	1.6805580854415894	1.6799157857894897	0.5946108102798462	2.209566354751587	0.0	2.1126346588134766	0.0	2.8097422122955322	0.0	1.290966272354126	0.0	0.7311539053916931	2.3873050212860107	2.1498844623565674	0.4232039153575897	0.1346094012260437	0.4568461775779724	3.23761248588562	0.4204585552215576	2.6845226287841797	1.3074003458023071	0.0	1.4471653699874878	2.3720521926879883	0.9649066925048828	0.0	0.0	0.0
0.13425040245056152	0.27559202909469604	2.8032405376434326	1.847569227218628	0.9587255120277405	1.3333460092544556	2.3794164657592773	0.0	0.6576016545295715	0.0	0.10782940685749054	0.49826887249946594	1.1980690956115723	0.8941949009895325	0.3563280701637268	1.0592827796936035	3.9625048637390137	0.8762351274490356	0.0	0.07283225655555725	2.9988973140716553	0.0	3.2387757301330566	1.3768742084503174	1.2378673553466797	0.31916844844818115	1.3644778728485107	0.12073097378015518	3.7342798709869385	0.6591300368309021	0.26186010241508484	0.1672469824552536	0.0	0.38560158014297485	0.09462472796440125	3.1836323738098145	0.18155857920646667	0.13065573573112488	2.0178184509277344	0.21141397953033447	0.0	0.0	2.7429563999176025	1.0695840120315552	0.0	1.6333109140396118	2.079711675643921	2.8799033164978027	2.0828945636749268	0.8864578604698181	0.3080514371395111	1.8224847316741943	2.9333090782165527	0.0	0.0	1.8975316286087036	2.0691921710968018	0.36907535791397095	0.8154053092002869	0.5395646095275879	2.062723159790039	0.9096291661262512	0.5390490293502808	0.6727538108825684
0.42188704013824463	0.7038232088088989	2.551762104034424	0.8617048859596252	0.0	0.0	2.453801155090332	3.7854256629943848	3.6037075519561768	0.044405627995729446	0.0	0.0	1.7047663927078247	0.0	0.0	0.2275625318288803	0.40896692872047424	0.5592204332351685	0.0	1.2817326784133911	0.2851332724094391	2.577228546142578	2.011108160018921	3.0672175884246826	0.9411646723747253	0.0	0.2472969889640808	0.26261869072914124	0.0	2.754253387451172	0.9127791523933411	1.0451931953430176	1.3116151094436646	0.9391841292381287	2.2143964767456055	0.6611512899398804	1.7066305875778198	1.4638417959213257	0.4893665611743927	2.3477799892425537	0.06527335941791534	1.9844657182693481	0.661375880241394	2.6493287086486816	0.0	1.407005786895752	0.0	0.26117032766342163	3.389575958251953	3.3324103355407715	0.060097649693489075	0.7848937511444092	0.0	2.5412070751190186	0.5186163783073425	1.7156099081039429	1.3242242336273193	0.11526346206665039	1.0131996870040894	2.7875466346740723	0.5715566873550415	0.49987319111824036	0.0	0.4318740665912628
1.7887122631072998	1.1054362058639526	0.2593127191066742	1.4637694358825684	0.06582852452993393	0.6455621123313904	0.7289965748786926	1.3042945861816406	3.9919040203094482	1.5037736892700195	0.4798092842102051	1.0354149341583252	0.9729101657867432	2.320340394973755	0.0	0.0	1.0111864805221558	0.0	0.0	1.3815933465957642	0.0	0.40698617696762085	0.3587035536766052	0.7708932757377625	0.0	0.6754304766654968	1.1363855600357056	0.0	0.40452659130096436	0.0	0.5957050323486328	1.773522138595581	0.3514796495437622	2.6541850566864014	2.2866811752319336	0.0	0.23261474072933197	1.2591283321380615	2.0732433795928955	0.9098625779151917	0.0	1.8092612028121948	0.2873246669769287	1.161003589630127	0.0	0.34672096371650696	1.8812603950500488	1.1551395654678345	0.0	0.0	0.9197731018066406	0.0	2.493781089782715	0.8480744361877441	0.0	1.766576886177063	3.786343812942505	1.2235298156738281	0.08868148177862167	3.0816450119018555	1.088268756866455	3.3842215538024902	1.5546445846557617	2.501147985458374
0.6892480254173279	1.5760821104049683	0.4173473119735718	0.8153557181358337	1.9007699489593506	0.0	0.0	1.4652752876281738	0.0	2.115410327911377	0.5272833108901978	0.4103847146034241	0.0	0.020846616476774216	0.0	2.8981196880340576	0.0	0.6478506922721863	1.7892444133758545	0.08490447700023651	0.8131849765777588	2.6736559867858887	0.0	0.20729036629199982	1.3112775087356567	3.045320510864258	1.3749198913574219	3.744258403778076	0.0	3.549180030822754	0.27794158458709717	0.0	1.153749704360962	1.8509947061538696	0.05723290145397186	1.9400396347045898	0.4801678955554962	0.0	0.0	0.8523761630058289	4.746804237365723	1.2318487167358398	0.5467334985733032	0.0	1.2149193286895752	0.0	0.0	0.0	2.624727725982666	0.49262797832489014	0.330730140209198	1.229453682899475	0.0	1.0795056819915771	2.3201968669891357	0.0	0.0	0.060656122863292694	0.0	0.7418150305747986	0.0	0.5108645558357239	1.5803008079528809	0.024026714265346527
3.443631649017334	1.4942107200622559	0.47623124718666077	2.2557334899902344	0.22000014781951904	1.0948868989944458	0.0	2.5228846073150635	3.5067460536956787	1.3092190027236938	1.456783652305603	3.084059715270996	0.5215941667556763	1.4710322618484497	1.1284801959991455	0.23859785497188568	0.5094936490058899	0.16992336511611938	1.012295126914978	1.7379997968673706	0.0	1.298351764678955	0.0	0.01637968234717846	0.0	3.5081536769866943	1.8701045513153076	0.2864307761192322	0.0654098242521286	0.0	0.0	0.735734224319458	0.0	3.0106847286224365	4.001542568206787	0.7593084573745728	0.0	1.4790388345718384	2.140474796295166	0.6853201985359192	0.34317243099212646	1.618805170059204	0.7999137043952942	1.170575737953186	0.32204630970954895	0.0	2.1113853454589844	0.0	0.0	0.0	2.3801491260528564	0.0792451798915863	1.6416124105453491	2.338404893875122	1.854746699333191	1.7801376581192017	1.1414270401000977	1.7237573862075806	0.030660904943943024	2.256059169769287	0.042717523872852325	0.6465450525283813	1.4193178415298462	2.3655214309692383
3.4984800815582275	1.5291200876235962	0.4793894290924072	1.2875436544418335	0.0	0.13822807371616364	0.5314416885375977	3.605259418487549	3.9234580993652344	1.411516547203064	1.6877849102020264	2.8016726970672607	0.6767964363098145	2.364738702774048	0.48610642552375793	1.073477864265442	0.833476722240448	0.0	0.2813890278339386	2.0434165000915527	0.0	1.909477710723877	0.5002697706222534	0.6017653942108154	0.0	3.866020441055298	0.6352243423461914	1.4029501676559448	0.0	0.6823017597198486	0.0	1.2684955596923828	0.0	2.702782154083252	3.973085880279541	0.0	0.6372223496437073	1.9613499641418457	1.0192089080810547	1.219508409500122	1.1990846395492554	2.4260339736938477	0.0	1.9170305728912354	0.9940016269683838	0.6550998091697693	0.10231682658195496	1.1763591766357422	0.0	0.13245521485805511	2.0746710300445557	0.0	0.6769571900367737	2.865760087966919	2.0567526817321777	2.7456531524658203	1.4432358741760254	1.3005372285842896	0.45092305541038513	3.5674924850463867	0.5387004613876343	1.8951901197433472	1.8403489589691162	1.746322751045227
3.4948441982269287	2.74819016456604	0.0	2.523496150970459	0.10666223615407944	1.794514536857605	0.11265305429697037	0.1411418318748474	4.868433952331543	0.5768965482711792	1.0768228769302368	2.3202083110809326	1.0102689266204834	1.2719550132751465	0.15660880506038666	0.15785735845565796	2.640812635421753	2.0291645526885986	0.8504351377487183	1.480642557144165	1.3890641927719116	0.17034243047237396	0.0	1.7039192914962769	0.03131691738963127	2.439260244369507	2.236189365386963	0.5995543003082275	0.04436028003692627	0.12097203731536865	0.29077717661857605	1.0889595746994019	0.24259622395038605	3.2043302059173584	1.0834250450134277	2.8626816272735596	0.0	1.3076746463775635	2.487589120864868	0.9688899517059326	0.377473920583725	0.7962684035301208	2.3763296604156494	0.6480710506439209	0.24351398646831512	0.08370411396026611	3.130038261413574	0.0	1.2494667768478394	0.7708532214164734	2.2787880897521973	1.7976146936416626	2.3265342712402344	0.744381308555603	1.4351743459701538	0.0	2.0168638229370117	1.6621497869491577	0.0	3.1348700523376465	0.0	1.6159251928329468	1.9301869869232178	1.592494010925293
3.777984857559204	2.2483069896698	0.009904954582452774	1.3039098978042603	0.0	0.34967291355133057	0.5354263186454773	2.819903612136841	3.3520700931549072	1.280350685119629	1.816421389579773	3.1891322135925293	0.715386688709259	2.1887032985687256	0.3220613896846771	0.9286555051803589	0.7616685628890991	0.0	0.35236915946006775	2.0990641117095947	0.0	1.8842380046844482	0.0	0.3600759506225586	0.0	3.976419687271118	1.0984512567520142	1.0531971454620361	0.0	0.19564048945903778	0.0	1.3322983980178833	0.0	2.5652413368225098	3.882108211517334	0.0	0.5598769783973694	2.0890064239501953	0.9427030682563782	0.34848472476005554	1.1099461317062378	2.710141897201538	0.0	1.7807575464248657	0.3660137355327606	0.6318588852882385	0.3196505606174469	0.13333316147327423	0.06873387843370438	0.0	2.058032512664795	0.0	0.6106868982315063	2.7346575260162354	2.212080717086792	1.723195195198059	1.1371746063232422	1.5188627243041992	0.3965015709400177	2.106816530227661	0.3946805000305176	2.114558219909668	1.5487087965011597	1.8048923015594482
3.9567766189575195	2.4202423095703125	0.6046029925346375	2.232731342315674	0.36652499437332153	1.480061411857605	0.0	2.818387269973755	2.281728744506836	1.5273343324661255	1.522412896156311	2.951490879058838	0.9717158675193787	1.9370739459991455	0.7713425755500793	0.7544507384300232	1.615195631980896	0.5453665256500244	1.7742618322372437	1.164055585861206	0.954168438911438	1.5363401174545288	0.0	0.0	0.0	4.11310338973999	2.230313777923584	0.5567641258239746	0.7811651229858398	0.11115863919258118	0.0	0.7364519834518433	0.0	1.7181771993637085	3.0693509578704834	1.7487565279006958	0.0	1.2626901865005493	2.133920431137085	0.6555666923522949	0.19280552864074707	1.7889207601547241	0.669146716594696	0.8082208633422852	0.32247480750083923	0.00659642880782485	2.3296916484832764	2.1473677158355713	0.0	0.3114301264286041	2.2468671798706055	1.2791563272476196	2.194200277328491	2.969047784805298	2.231064558029175	1.7793318033218384	1.117985486984253	1.3449735641479492	0.1251579076051712	2.752384901046753	0.04755744710564613	1.9869108200073242	1.2293572425842285	1.474377989768982
0.6089872121810913	1.4839091300964355	0.45319288969039917	0.7801846265792847	1.6713112592697144	0.0	0.0	1.600318193435669	0.0	1.3069368600845337	0.6539652943611145	0.2782517075538635	0.0	0.0	0.0	2.2303214073181152	0.0	0.7795063257217407	1.6041779518127441	0.6715165376663208	0.5908790230751038	2.6881184577941895	0.0	0.5142867565155029	1.3265380859375	3.2111127376556396	1.401127815246582	3.7686166763305664	0.0	3.328536033630371	0.39816173911094666	0.0	1.213096022605896	1.753704309463501	0.11639854311943054	1.3595209121704102	0.7058963775634766	0.3824666142463684	0.0	0.9258913397789001	4.685875415802002	0.5635157823562622	0.5811015367507935	0.0	1.3302100896835327	0.0	0.0	0.0	3.290005683898926	0.8037534952163696	0.6383543014526367	1.3247064352035522	0.0	1.1568574905395508	2.174663543701172	0.0	0.0	0.0	0.0	0.8840211629867554	0.0	0.9435110688209534	1.8922253847122192	0.0
0.0	0.14132219552993774	3.427936315536499	0.4157106578350067	1.1493234634399414	0.6477888226509094	3.539257287979126	0.1293332874774933	0.41734975576400757	0.0	0.25848376750946045	1.6799019575119019	1.3224124908447266	0.6184869408607483	2.421444892883301	1.0868356227874756	3.309993267059326	0.0	0.6390625238418579	0.2227313369512558	2.712246894836426	0.0	3.579066038131714	1.335288405418396	1.0473815202713013	0.0	1.806637167930603	0.0	3.267970085144043	0.5321855545043945	0.1911783367395401	0.3714506924152374	0.0	0.11659359186887741	0.0	2.0555953979492188	0.734840452671051	0.0	0.5008604526519775	0.5709498524665833	0.23072566092014313	0.2371135801076889	1.9691728353500366	0.7479565143585205	1.4051218032836914	2.2105541229248047	1.1507529020309448	3.391366720199585	2.1128463745117188	1.1949186325073242	0.03892611712217331	1.743607759475708	1.3777618408203125	0.0	0.5652596354484558	1.925384521484375	2.592519760131836	0.0	1.3509635925292969	0.0	2.9838106632232666	1.2639788389205933	0.0	0.0
0.4703860580921173	1.2891207933425903	0.552743136882782	1.3344471454620361	1.9129793643951416	0.16224804520606995	1.1722440719604492	2.2337076663970947	0.26313692331314087	1.1279633045196533	0.36572715640068054	0.4880525767803192	0.0	0.0	0.0	1.8188283443450928	0.0	1.0994460582733154	1.869866132736206	0.46141594648361206	0.7854664921760559	3.0270071029663086	0.0	0.8411622643470764	1.1877459287643433	2.992063283920288	1.032084584236145	3.3367416858673096	0.0	3.056061267852783	1.5746028423309326	0.0	1.4986077547073364	1.5593560934066772	0.032104671001434326	1.555785059928894	1.1394667625427246	0.2980613708496094	0.11293835937976837	1.4075407981872559	4.66447639465332	0.29541143774986267	0.0	0.0	1.7556531429290771	0.0	0.0	0.0	3.435441017150879	1.9669517278671265	0.5854398012161255	1.4302868843078613	0.0	1.3543035984039307	2.0541152954101562	0.0	0.0	0.28496527671813965	0.0	1.1592720746994019	0.0	0.6740461587905884	1.7329446077346802	0.21374371647834778
1.7328068017959595	0.0	2.1337218284606934	0.0	1.4206078052520752	0.022994691506028175	0.0	0.14594139158725739	0.9395777583122253	0.9042569994926453	0.1476450115442276	0.5404743552207947	0.727716863155365	1.9867467880249023	1.5999059677124023	1.98823082447052	0.333585649728775	0.0	0.7852064967155457	0.5856291055679321	0.0	0.6346582770347595	2.436821699142456	0.0	0.0	0.2698354125022888	1.6814918518066406	1.0919933319091797	2.0447919368743896	0.0	0.3558810353279114	0.5419191122055054	0.2791588306427002	1.056508183479309	0.0	0.0	1.0016183853149414	0.30691105127334595	0.0	0.31456223130226135	2.0029165744781494	0.8884578347206116	0.9575554728507996	0.3857755661010742	2.053901195526123	0.21465620398521423	0.988633394241333	1.2011198997497559	0.0	0.0	0.6116829514503479	0.0	1.4091823101043701	0.0	1.6033780574798584	0.9853238463401794	1.407261610031128	0.0	2.2750699520111084	0.0	2.3512802124023438	3.7225518226623535	2.4654314517974854	1.211739182472229
0.3304557502269745	0.8210048675537109	2.339327812194824	0.39684510231018066	0.0	0.0	3.1467227935791016	3.8073160648345947	3.4142813682556152	0.8811113834381104	0.0	0.0	1.3271431922912598	0.0	0.0	0.6680442690849304	1.0136836767196655	0.9413889646530151	0.0	1.0147173404693604	0.5931926369667053	2.720472574234009	2.2973155975341797	2.3979132175445557	1.103512167930603	0.0	0.0	0.0	0.11066694557666779	2.627804756164551	1.3738125562667847	1.3832865953445435	1.5453945398330688	0.0472450889647007	2.368389129638672	0.6622117161750793	1.133622407913208	1.3245959281921387	0.466898113489151	2.2420272827148438	0.0	0.9552933573722839	0.24930858612060547	2.3747293949127197	0.0	1.6577409505844116	0.0	0.8153666257858276	3.210048198699951	2.5786309242248535	0.16617047786712646	0.7352684140205383	0.2682250142097473	2.439706563949585	0.005424740258604288	1.7627588510513306	2.129220724105835	0.0	1.2298853397369385	2.2177107334136963	0.5064533948898315	0.0	0.0	0.0
3.4287660121917725	1.487598180770874	1.1142715215682983	0.7052769660949707	0.0	0.0	0.5606876611709595	3.466106414794922	2.5041229724884033	0.9631646871566772	1.523041844367981	2.910576820373535	0.19073213636875153	1.7176767587661743	0.2720305025577545	0.834389865398407	0.3818846046924591	0.0	0.0	1.0472692251205444	0.0	1.7331780195236206	0.24541756510734558	0.46268385648727417	0.10093200206756592	4.349761009216309	1.2325973510742188	0.8255700469017029	0.17929883301258087	1.1085509061813354	0.8657095432281494	0.5204955339431763	0.007478285115212202	1.5929925441741943	3.534893751144409	0.0	0.7798780798912048	1.964937686920166	0.6462911367416382	0.5354993939399719	0.19026270508766174	2.5186212062835693	0.0	2.514920234680176	0.29943448305130005	0.3499266803264618	0.0	1.046836495399475	0.0	0.0	2.0121912956237793	0.0	0.2654705047607422	3.5230367183685303	2.0722832679748535	2.45806884765625	0.8054041266441345	0.6218315362930298	0.6123136878013611	1.8494137525558472	0.4176265597343445	0.7597202658653259	1.198685646057129	1.5103604793548584
0.16692392528057098	3.2204275131225586	0.16815893352031708	2.7165069580078125	0.0	2.040361166000366	1.1291282176971436	0.0	5.049118518829346	0.3786771893501282	0.33673804998397827	0.335467666387558	0.9895743131637573	1.9643369913101196	0.0	0.05116399750113487	2.968961000442505	1.5522749423980713	0.3076307475566864	1.2157014608383179	1.9962270259857178	0.0	0.10535949468612671	2.1142475605010986	0.12495753169059753	0.9747422933578491	2.214430570602417	0.23367354273796082	0.4589892029762268	0.1461629420518875	0.6360728740692139	1.6956214904785156	0.18364788591861725	2.815484046936035	0.7888202667236328	2.861814022064209	0.0	1.1288257837295532	2.615454912185669	0.9614191055297852	0.0	0.0	2.9681684970855713	0.6613121628761292	0.0	0.35436898469924927	1.778988242149353	0.22652439773082733	2.180018186569214	1.5089051723480225	0.6721795201301575	2.4193434715270996	2.691560745239258	0.24855393171310425	0.0	0.0	2.706378936767578	1.6327552795410156	0.08352047204971313	3.4743247032165527	0.0	2.612658977508545	1.7990119457244873	1.9567900896072388
0.0	0.2714558243751526	1.3758755922317505	0.9935637712478638	0.0	0.0	2.9407639503479004	3.347579002380371	2.8882715702056885	1.054511547088623	0.010349312797188759	0.0	1.1543464660644531	0.0	0.0	0.0	0.4764941930770874	0.25220081210136414	0.0	0.5509964227676392	0.23362645506858826	1.4122852087020874	1.8284192085266113	2.1606218814849854	0.6864385604858398	1.057807207107544	0.0	0.0	0.15464912354946136	2.5947024822235107	1.4524418115615845	0.827176034450531	1.9560401439666748	0.0	2.44698429107666	0.03949009254574776	1.3639427423477173	1.3512283563613892	0.4594612717628479	1.8972619771957397	0.0	0.8353750705718994	0.0	2.749544620513916	0.0	1.9946650266647339	0.0	0.9631230235099792	2.5954787731170654	1.9977587461471558	0.0	0.3308204710483551	0.052438266575336456	2.1089892387390137	0.0	2.1262004375457764	1.929171085357666	0.0	0.8114546537399292	3.420073986053467	0.22072461247444153	0.0	0.0	0.0
0.0	0.6898466944694519	1.9771569967269897	1.9892432689666748	1.0939310789108276	2.145756483078003	2.226428985595703	0.0	2.6441454887390137	0.0	0.0	0.7301274538040161	1.3129760026931763	1.9853383302688599	0.0	0.8758146166801453	3.3317673206329346	0.9037085175514221	0.14372272789478302	0.3695999085903168	2.3829100131988525	0.0	2.6438872814178467	1.6831691265106201	0.8304541110992432	0.0	1.3663235902786255	0.0	2.997702121734619	0.5572230219841003	0.797504723072052	0.9368677735328674	0.15432293713092804	0.9828323125839233	0.40729665756225586	2.8401358127593994	0.0	0.3523593842983246	1.9976348876953125	0.38966187834739685	0.0	0.0	2.746260643005371	0.5467842817306519	0.09297948330640793	1.5240567922592163	2.048809766769409	3.8033552169799805	1.8456530570983887	1.3558311462402344	0.07622355222702026	2.431278944015503	3.2979958057403564	0.0	0.0	0.8028762936592102	2.7636020183563232	0.37510451674461365	0.7628151774406433	0.846994936466217	1.0817842483520508	2.9580368995666504	0.7851599454879761	0.6180883646011353
1.1761553287506104	0.463852196931839	1.7828541994094849	0.5452483296394348	2.4976799488067627	0.6999688148498535	1.5013741254806519	0.5087065100669861	0.0	3.164088487625122	0.12894286215305328	1.399459719657898	0.0	0.0	3.2826359272003174	2.078054189682007	0.0	0.06025167927145958	2.5397868156433105	0.0	0.11163149774074554	0.32419881224632263	2.713587522506714	0.10855133086442947	0.0	2.236703872680664	1.6685051918029785	3.2032225131988525	1.2386598587036133	0.613741397857666	0.8879483342170715	0.24249356985092163	1.4239038228988647	0.6960259675979614	0.7051365971565247	1.2866097688674927	1.4667291641235352	0.0	0.0608488991856575	0.0	4.36908483505249	0.9284478425979614	0.0	1.9885931015014648	2.732635021209717	2.2479419708251953	0.3133998513221741	0.761186420917511	0.0	0.6650570034980774	0.0	0.0	0.4154452979564667	0.0	1.5823912620544434	2.1813290119171143	0.0	2.593179941177368	0.8901308178901672	0.0	2.7628695964813232	0.0	1.6217466592788696	0.41858723759651184
3.9645681381225586	1.8063502311706543	0.0	1.863891363143921	0.0	1.1571277379989624	0.0	1.6771479845046997	1.9588770866394043	0.810600996017456	1.6222312450408936	3.3371524810791016	0.8092935085296631	2.648725748062134	0.16949699819087982	0.7076519131660461	0.7057856321334839	0.21764977276325226	0.8383234143257141	1.7616270780563354	0.0	0.7015964388847351	0.0	0.36326873302459717	0.0	3.6106560230255127	1.756658673286438	0.45071011781692505	0.0	0.0	0.0	0.6361364126205444	0.0	2.8434484004974365	2.759960889816284	0.0	0.0	1.62370765209198	1.8192851543426514	0.38930901885032654	0.04288988187909126	2.306370496749878	0.0	0.8767961859703064	0.18886743485927582	0.0	1.412592887878418	0.0	0.0	0.0	2.7159550189971924	0.12751981616020203	1.7478820085525513	2.1501617431640625	2.129079580307007	2.0572004318237305	1.096435308456421	1.6802728176116943	0.0	2.233548879623413	0.0013059296179562807	1.4957517385482788	1.2213356494903564	2.261272430419922
0.0	0.7016521096229553	2.425723075866699	0.7642154693603516	0.0	0.0	1.975593090057373	3.7929580211639404	3.9133458137512207	0.1985125094652176	0.4185218811035156	0.0	1.7130190134048462	0.0	0.0	0.0	1.012528657913208	0.29854491353034973	0.0	0.9598421454429626	0.1343950480222702	2.1475086212158203	2.077190637588501	2.662384510040283	0.6681734323501587	0.0	0.0	0.0	0.87479168176651	2.4891700744628906	1.1907305717468262	1.1735906600952148	1.3673410415649414	0.5158795118331909	2.7535083293914795	0.49557405710220337	1.4623539447784424	1.676755666732788	0.41420695185661316	2.135758876800537	0.0	1.4653929471969604	0.34277087450027466	2.5369367599487305	0.0	1.3747037649154663	0.0	0.6781100630760193	2.7688889503479004	2.6228840351104736	0.0	0.38464149832725525	0.0	2.6084208488464355	0.3355007469654083	1.9111915826797485	1.790930986404419	0.0	0.7808504104614258	2.893343448638916	0.7437363862991333	1.1940709352493286	0.0	0.0
0.7158081531524658	1.8776227235794067	0.0	1.3270155191421509	2.475757598876953	0.39780953526496887	0.5619739294052124	1.7067506313323975	0.0	1.6528040170669556	0.4286843538284302	0.333461731672287	0.0	0.0	0.8164265155792236	3.13956618309021	0.0	1.3950862884521484	1.9102411270141602	0.0	0.3937980532646179	2.973038911819458	0.0	0.9741567373275757	1.2834171056747437	2.84316349029541	2.3022429943084717	3.6313624382019043	0.0	3.232806921005249	1.3266764879226685	0.0	2.0477185249328613	1.5348143577575684	0.0	1.273699164390564	0.7173091769218445	0.07873447984457016	0.0	0.9937166571617126	4.3878021240234375	0.20302580296993256	0.3857841193675995	0.0	2.359767436981201	0.0146171348169446	0.0	0.5259981751441956	3.154203176498413	2.0007734298706055	0.41723835468292236	1.8690407276153564	0.3326044976711273	0.993601381778717	2.1104001998901367	0.0	0.0	0.4798504412174225	0.0	0.9388003349304199	0.0	0.8741928339004517	1.9348669052124023	0.0943952351808548
3.223507881164551	1.951339840888977	0.0	1.6973203420639038	0.0	0.4902326464653015	0.0	1.783084750175476	1.4090392589569092	1.604067325592041	1.290292739868164	2.6641292572021484	0.0004917599144391716	2.0856306552886963	0.8511815071105957	0.37144187092781067	0.2581024765968323	0.0	0.14993861317634583	2.011333465576172	0.0	1.208459734916687	0.0	0.0	0.0	3.0142807960510254	1.5666227340698242	0.47594135999679565	0.0	0.02803010307252407	0.0	0.0	0.0	3.268087863922119	3.417078971862793	0.0	0.03489641472697258	1.9313260316848755	1.4796533584594727	0.13146500289440155	0.14782829582691193	3.1580963134765625	0.0	1.5565637350082397	0.8506125807762146	0.0	0.6003625988960266	0.0	0.0	0.07317573577165604	2.251044511795044	0.15063954889774323	0.9710829854011536	2.137993812561035	2.555603504180908	2.191345691680908	0.5734134316444397	1.3427273035049438	0.1649622917175293	1.9734269380569458	0.0	1.0959075689315796	1.1327531337738037	2.437384605407715
0.15377362072467804	1.2174330949783325	1.084787130355835	1.089020013809204	0.0	0.05176803097128868	2.9248244762420654	3.403604030609131	2.441943645477295	0.0	0.0	0.0	1.261355996131897	0.0	0.0	0.3931958079338074	0.723507821559906	0.04787017032504082	0.0	0.7328742146492004	0.4554218053817749	2.2198283672332764	1.8811607360839844	2.628385543823242	0.9982535243034363	0.0	0.0	0.0	0.0	2.8176474571228027	1.2814582586288452	0.6075423955917358	1.7242763042449951	0.129860520362854	2.797550916671753	0.24952159821987152	1.317657709121704	1.4903204441070557	0.0943753719329834	2.235041379928589	0.04970302805304527	1.0814530849456787	0.0	2.7966456413269043	0.0	1.979190707206726	0.0	0.5340378880500793	3.5325896739959717	2.212733030319214	0.0	0.5217808485031128	0.0	1.9996094703674316	0.0	1.7763547897338867	2.0281989574432373	0.10463020950555801	0.9739521741867065	3.506862163543701	0.48851829767227173	0.0	0.0	0.0761113241314888
0.7587292194366455	0.5500887632369995	2.1487607955932617	0.8536689877510071	0.0	0.0	2.442718505859375	3.9381096363067627	3.5294435024261475	0.0	0.175797238945961	0.0	1.7170485258102417	0.335527628660202	0.02841135300695896	0.629875898361206	0.6177990436553955	0.694398820400238	0.0	1.1881933212280273	0.1348937302827835	2.6085922718048096	2.262852430343628	2.0801944732666016	0.6880882978439331	0.0	0.0	0.0	0.24354051053524017	2.9179391860961914	0.918117880821228	1.0685276985168457	1.2046334743499756	1.008569598197937	2.9238171577453613	0.04894908890128136	1.5238317251205444	1.5811723470687866	0.3370942771434784	1.9798208475112915	0.0	1.5626740455627441	0.09567209333181381	3.001326322555542	0.0	1.6426079273223877	0.0	0.6003110408782959	2.3081955909729004	2.063978672027588	0.08103011548519135	0.3096373975276947	0.06204769387841225	3.1290953159332275	0.0	2.26877498626709	1.3913092613220215	0.0	0.6927520632743835	2.222403049468994	1.0458660125732422	0.6249754428863525	0.0	0.5039862990379333
0.947514533996582	0.0	1.5510438680648804	1.1935396194458008	3.6528477668762207	1.6882741451263428	0.8946260809898376	0.35723236203193665	0.0	2.7778327465057373	0.7433356046676636	1.398001790046692	0.7407152652740479	1.8332479000091553	2.9127156734466553	2.2264580726623535	0.1872905045747757	0.0	2.4546494483947754	0.05839216336607933	0.18124215304851532	0.0	2.876116991043091	0.06743112206459045	0.0	1.8099268674850464	1.6382246017456055	2.655958414077759	1.7802127599716187	0.09702210873365402	0.0	0.6575807929039001	2.1741628646850586	0.0	0.03030289150774479	0.31886059045791626	1.189677119255066	0.19107528030872345	0.0	0.0	2.1210122108459473	0.6201248168945312	1.5314607620239258	0.6594015955924988	2.2453160285949707	1.645314335823059	0.5201212763786316	1.9495344161987305	0.2476479858160019	0.34221351146698	0.8628392219543457	0.07577628642320633	0.6516860723495483	0.0	0.817600667476654	1.3116146326065063	0.34961172938346863	2.6427395343780518	1.4886025190353394	0.2499525398015976	3.618854284286499	1.9687508344650269	2.3327457904815674	0.43138718605041504
0.0	1.9609267711639404	0.0	1.827189326286316	0.0	0.9591478109359741	0.609743595123291	1.8960142135620117	4.779099941253662	0.7848633527755737	0.3246564567089081	0.0	0.8184148073196411	1.601615071296692	0.5319015979766846	0.0	1.2604670524597168	0.4455544948577881	0.0	1.000475525856018	0.17803780734539032	2.614478588104248	0.6905475854873657	1.3175534009933472	0.0	0.0	1.2512853145599365	0.0	0.41076499223709106	0.0	0.5573792457580566	1.7576968669891357	0.4617622196674347	2.3659510612487793	2.8344316482543945	1.3436963558197021	0.7014687657356262	0.8591458201408386	2.9710607528686523	0.7656136751174927	0.0	1.9695216417312622	1.7038438320159912	2.7418501377105713	0.0	0.6726335287094116	1.3088700771331787	0.9454175233840942	0.0	0.5107670426368713	0.3503955006599426	0.7843828797340393	2.1368987560272217	1.600243091583252	0.0	1.932996392250061	3.4994306564331055	0.9655287861824036	0.38030168414115906	3.393667459487915	0.0	2.5062062740325928	1.0072267055511475	2.353294849395752
0.556853175163269	3.0457680225372314	1.4902883768081665	0.0	1.970395565032959	0.9927271604537964	1.4560692310333252	0.9166954755783081	4.481777667999268	0.7661105394363403	0.0	0.0	0.4964390695095062	1.9188354015350342	0.0	0.26182323694229126	3.463284969329834	1.4374847412109375	0.09436148405075073	0.6216722130775452	2.3021087646484375	1.267124891281128	0.6426138281822205	0.8959355354309082	0.0	0.7327677011489868	1.7078931331634521	0.3748062551021576	1.7607262134552002	0.15384022891521454	0.9388070106506348	0.9441351294517517	0.13430142402648926	1.6731237173080444	1.4804270267486572	3.2993953227996826	0.6459988355636597	0.637442409992218	2.08500075340271	0.42281267046928406	1.3310006856918335	1.3985744714736938	3.0093016624450684	1.0147677659988403	0.16021764278411865	0.8409217000007629	2.819502592086792	1.3250538110733032	0.0	0.38027316331863403	0.9034649133682251	1.5391731262207031	2.5498838424682617	1.0524064302444458	0.0	0.9428601861000061	3.0199708938598633	0.41211676597595215	0.18039803206920624	3.3521783351898193	0.0	2.9148364067077637	1.9727615118026733	2.3000597953796387
0.41024404764175415	2.0846757888793945	0.0	3.2821803092956543	0.0	1.7296665906906128	0.0	0.0	4.715177059173584	0.0	0.07893732935190201	0.0	1.460579514503479	0.612127423286438	0.0	0.0	1.768602728843689	1.1977461576461792	0.0	1.4581866264343262	0.8447881937026978	0.0	0.0	1.9401153326034546	0.0	0.0	1.402780532836914	0.6737561225891113	0.0	0.0	0.373615562915802	1.1448222398757935	0.6454806923866272	1.9837628602981567	1.1413031816482544	2.036809206008911	0.0	0.24061810970306396	2.9697577953338623	0.6005899310112	0.0	0.03765203431248665	2.2058568000793457	0.2732248604297638	0.0	0.0	2.4989235401153564	0.0	2.974905490875244	0.5729064345359802	0.540763258934021	1.6828322410583496	2.603311538696289	0.0	0.0	0.0	2.9053611755371094	1.4555445909500122	0.0	3.369673490524292	0.0	0.9926577210426331	1.5605509281158447	2.460129737854004
0.4637584984302521	0.15411792695522308	2.270888328552246	0.7616060972213745	0.0	0.0	2.157325506210327	3.786536693572998	3.892625570297241	0.0	0.2344844937324524	0.004659829195588827	1.739450454711914	0.0	0.0	0.128999724984169	1.1516475677490234	0.8259599208831787	0.0	1.2592897415161133	0.0	2.7545831203460693	2.062941074371338	2.4031429290771484	0.8772381544113159	0.2975304126739502	0.0	0.0	0.0013706336030736566	2.802910804748535	0.8146424293518066	1.2773619890213013	1.0622773170471191	0.8537502288818359	2.3580658435821533	0.13131101429462433	1.5714253187179565	1.9259248971939087	0.38005220890045166	2.0158541202545166	0.0	1.386061191558838	0.09315872192382812	2.664238452911377	0.0	1.366518259048462	0.0	1.5163452625274658	3.1322665214538574	2.6982028484344482	0.24362635612487793	0.39185217022895813	0.0	2.629610538482666	0.11953070014715195	2.23225736618042	1.499897837638855	0.0	0.9248533844947815	2.615241527557373	1.0298070907592773	0.31633472442626953	0.0	0.09264197200536728
0.5287390947341919	0.0	2.6746315956115723	1.212697148323059	1.081174373626709	1.446828007698059	3.890868902206421	0.0	0.0	0.24516326189041138	0.0	2.100071668624878	0.6294620633125305	0.6782979965209961	0.9933599233627319	1.5373402833938599	3.362368583679199	0.7622489333152771	0.8102379441261292	0.2744810879230499	3.042736768722534	0.08052122592926025	2.9117379188537598	1.2514197826385498	0.7752014398574829	0.0	1.2972744703292847	0.0014220851007848978	3.5782837867736816	0.6423698663711548	0.0	0.0	0.0	1.90873122215271	0.0451744869351387	2.9094302654266357	0.5347794890403748	0.0	1.9464387893676758	0.0	0.8844386339187622	0.481462687253952	2.185410737991333	0.7214474678039551	1.4627119302749634	1.4639923572540283	1.3351771831512451	3.7537527084350586	2.2381234169006348	1.1165955066680908	0.41398394107818604	1.8358612060546875	1.9399356842041016	0.0	1.2204705476760864	1.2588653564453125	2.2742981910705566	0.15126338601112366	1.3628826141357422	0.0	2.034363031387329	1.4446011781692505	0.16278474032878876	0.8435077667236328
3.638690710067749	2.584143877029419	0.0	2.5868170261383057	1.1480618715286255	1.4113126993179321	0.21000193059444427	1.4081952571868896	1.3140910863876343	1.7224639654159546	1.5357353687286377	2.605369806289673	0.08009739220142365	2.458016872406006	0.4573756158351898	0.7393336892127991	1.339620590209961	0.6919341087341309	0.770248293876648	0.9742652177810669	1.329197883605957	0.5668455362319946	0.0	0.4878387451171875	0.021841244772076607	3.330395460128784	1.7758597135543823	1.965422511100769	0.28025418519973755	0.6664867401123047	0.0	0.0	0.0	1.8964767456054688	2.661083936691284	1.8767895698547363	0.4490553140640259	1.092687726020813	2.190849781036377	0.0	0.14270062744617462	1.0299137830734253	0.7806127071380615	0.9991160035133362	0.18531465530395508	0.0	2.1078264713287354	0.48274195194244385	1.1143410205841064	0.0	2.130584955215454	1.0923212766647339	1.6084235906600952	1.5806572437286377	1.5451236963272095	0.5396404266357422	1.1268259286880493	1.7588077783584595	0.0	2.1874425411224365	0.0	1.7235273122787476	1.39840829372406	2.3404266834259033
0.12445146590471268	0.1412806510925293	0.7667535543441772	0.6071811318397522	0.0	0.0	3.429992914199829	2.5042951107025146	2.75207257270813	0.0	0.0	0.0	1.0198575258255005	0.0	0.0	0.0	0.7593534588813782	0.30284735560417175	0.6904140114784241	0.4631502628326416	0.4911768436431885	0.7123937606811523	1.4244931936264038	2.768181085586548	0.3358190059661865	0.0	0.0	0.0	0.9287421703338623	2.3498034477233887	1.4740959405899048	1.0228312015533447	2.3923959732055664	0.0	2.0114762783050537	0.0	1.1817777156829834	1.4472990036010742	0.2514245808124542	1.729549765586853	0.0764659121632576	1.2117736339569092	0.08927158266305923	2.34266996383667	0.0	1.8324981927871704	0.477322518825531	1.0448737144470215	3.148177146911621	1.8081843852996826	0.0	0.20003639161586761	0.11183612793684006	1.8295564651489258	0.0	1.7661257982254028	2.2636144161224365	0.0	0.8899220824241638	3.206371784210205	0.0	0.42463111877441406	0.0	0.0
0.0	0.0	3.0349080562591553	0.6576776504516602	0.8759640455245972	0.6468504667282104	4.113903522491455	0.7122322916984558	0.03158300369977951	0.0	0.0	1.096270203590393	0.807701826095581	0.0	1.302756905555725	0.4901368021965027	3.622018337249756	0.0	0.07809490710496902	0.0	3.0460128784179688	0.0	3.9613046646118164	1.1900608539581299	0.8681412935256958	0.0	0.0	0.0	3.08357310295105	0.6039850115776062	0.0	0.18102975189685822	0.22750547528266907	0.0	0.0	2.7339015007019043	0.7693315148353577	0.0	0.5585185885429382	0.11335267126560211	0.0	0.0	1.5976028442382812	1.3642165660858154	0.3998306095600128	2.1461453437805176	1.5929887294769287	3.0121803283691406	1.909785509109497	1.4662680625915527	0.0	1.3012245893478394	1.147302269935608	0.0	0.0	1.8112804889678955	2.1210663318634033	0.0	1.071190595626831	0.0	2.9626400470733643	0.0	0.0	0.0
4.1413655281066895	1.9608787298202515	0.6316633820533752	1.8055181503295898	0.0	0.5308402180671692	0.0	1.9275519847869873	5.582683086395264	2.1175601482391357	1.4992351531982422	3.042029619216919	1.2576662302017212	2.1811721324920654	0.2774331271648407	0.6204436421394348	0.611697256565094	0.3766900300979614	0.18641915917396545	1.8607652187347412	1.0216246843338013	0.9776265621185303	0.0	0.8994479775428772	0.0	3.492297887802124	1.7716104984283447	0.6685932278633118	0.13949443399906158	0.23617412149906158	0.0	1.1010128259658813	0.10143468528985977	3.2308480739593506	3.523000717163086	1.2748587131500244	0.15453119575977325	2.0390286445617676	2.16237473487854	0.9033018946647644	1.2516282796859741	1.8951627016067505	0.8003783822059631	2.5904438495635986	0.5976670384407043	0.6412825584411621	1.7840298414230347	0.051883433014154434	0.38130661845207214	0.35595694184303284	2.383476734161377	0.7013407349586487	1.6328747272491455	2.003431558609009	1.55466890335083	1.6712586879730225	1.7076462507247925	1.0061445236206055	0.15351687371730804	3.1375231742858887	0.102733314037323	1.6524076461791992	1.647736668586731	2.2851436138153076
0.9017654061317444	0.6336981654167175	1.9648926258087158	0.1334105134010315	2.7313663959503174	0.00606947299093008	0.7029730081558228	0.04360494017601013	0.0	3.8350508213043213	0.24872682988643646	1.0403597354888916	0.0	0.0	2.6347906589508057	3.314246416091919	0.0	0.18948867917060852	2.1072587966918945	0.15018530189990997	0.4559454321861267	0.09237773716449738	2.4847793579101562	0.0	0.0	2.102341890335083	1.2827932834625244	2.857145309448242	2.1239283084869385	0.6379210948944092	0.3150240480899811	0.0	1.3025811910629272	1.0375688076019287	0.5362839102745056	1.2978564500808716	0.5950356125831604	0.0	0.0	0.04528167471289635	4.151865005493164	1.0520222187042236	0.0	1.2169941663742065	2.569064140319824	1.9980710744857788	0.0	0.27419644594192505	0.0	0.0	0.0	0.15925449132919312	0.15310944616794586	0.019269635900855064	1.8398947715759277	1.512662410736084	0.0	2.513679265975952	1.1497317552566528	0.1073671355843544	2.7293667793273926	0.3456844985485077	1.0566303730010986	0.0
1.7463726997375488	2.1343863010406494	0.22587737441062927	1.6955841779708862	1.2471894025802612	1.3964357376098633	1.0768415927886963	2.3404154777526855	4.902292251586914	0.5067869424819946	0.8859595060348511	0.9756683111190796	1.310457468032837	2.2573957443237305	0.0	0.0	2.0749661922454834	1.7594056129455566	0.5986234545707703	1.8513199090957642	0.9001381397247314	1.8265374898910522	0.7067350149154663	1.7005653381347656	0.22915837168693542	1.497317910194397	1.9829990863800049	0.19219686090946198	0.4799453914165497	0.6433954834938049	0.6788564324378967	1.7702220678329468	0.6013789176940918	2.8876824378967285	1.9218703508377075	1.1817512512207031	0.0	0.9023080468177795	2.44541335105896	1.1051084995269775	0.17658306658267975	1.642438530921936	1.516904354095459	0.7499402761459351	0.03457804024219513	0.4459407329559326	2.168377637863159	0.5064097046852112	0.1346767544746399	1.2457835674285889	1.640938639640808	1.6533211469650269	1.7644963264465332	1.8618757724761963	0.21623791754245758	1.3668718338012695	2.8177380561828613	0.6266993284225464	0.2632650136947632	2.5428617000579834	0.0	3.0407893657684326	2.1068153381347656	2.2207894325256348
0.9242905974388123	1.6897270679473877	0.8125312924385071	0.9402825236320496	2.2617311477661133	0.3238430321216583	0.0	1.6131113767623901	0.0	1.9211252927780151	0.3540397584438324	0.21081116795539856	0.0	0.0	0.8380091190338135	2.764617443084717	0.0	1.0894455909729004	2.1163153648376465	0.0	0.6178364157676697	2.7363991737365723	0.0	0.3583909571170807	1.7840615510940552	3.163588762283325	2.656289577484131	3.4750912189483643	0.0	3.520118474960327	1.7634638547897339	0.0	1.5302000045776367	1.8175731897354126	0.0	1.0542024374008179	0.4240729808807373	0.21220578253269196	0.0	0.7033112645149231	4.598745822906494	0.6137719750404358	0.1653665155172348	0.4310501515865326	2.0790796279907227	0.1888921856880188	0.018420351669192314	0.32286348938941956	2.543977737426758	0.5267907977104187	0.25779223442077637	1.2914862632751465	0.34945473074913025	0.8268306255340576	2.266549587249756	0.5222362279891968	0.0	0.6180436611175537	0.0	0.8017736673355103	0.749864399433136	1.0794731378555298	1.434626579284668	0.0
0.8558670878410339	1.3802143335342407	0.5789397954940796	0.7621966600418091	2.2090723514556885	0.0	0.0	2.407097578048706	0.0	1.5653598308563232	0.5237835049629211	0.5117441415786743	0.0	0.09570453315973282	0.0	2.1210193634033203	0.0	0.6240820288658142	1.7916380167007446	0.5392707586288452	0.8717523217201233	3.076056718826294	0.0	0.486602246761322	1.6939352750778198	3.4395549297332764	1.5074470043182373	3.603696346282959	0.19467443227767944	3.6353704929351807	1.2951960563659668	0.0	0.922642707824707	2.165402889251709	0.35519495606422424	1.912044882774353	0.9292750358581543	0.44720831513404846	0.0	1.237757921218872	4.500218391418457	1.6957409381866455	0.8991091847419739	0.0	1.4054515361785889	0.0	0.0	0.8754640817642212	3.0853092670440674	1.266609787940979	0.6809813976287842	1.2005571126937866	0.01154045108705759	1.61087965965271	2.293961763381958	0.0	0.0	0.0	0.0	0.83171147108078	0.0	1.9265005588531494	1.732202410697937	0.8847675919532776
1.166248083114624	0.23734337091445923	2.24251389503479	0.0	3.1579718589782715	0.7403242588043213	0.6741530299186707	0.0	0.0	2.7036056518554688	0.3337033689022064	0.8650386333465576	0.6878949403762817	1.6283527612686157	3.108051061630249	2.5184292793273926	0.8042207956314087	0.0	2.0388243198394775	0.0	0.0	0.23951245844364166	2.636915683746338	0.0	0.0	1.0718436241149902	1.330581784248352	2.3243203163146973	2.2694406509399414	0.0	0.0	0.11184252053499222	1.731804370880127	0.7235779166221619	0.18180237710475922	0.0	0.8371779322624207	0.0	0.0	0.34886014461517334	3.194913148880005	1.1691900491714478	1.059257984161377	1.0869075059890747	2.566448211669922	1.5439385175704956	0.47771382331848145	2.351896047592163	0.0	0.0	0.21692465245723724	0.0	0.899071991443634	0.0	1.3910467624664307	1.382460594177246	0.6362832188606262	3.651488780975342	1.4417352676391602	0.0	2.9896323680877686	2.668405532836914	2.323134422302246	0.20963196456432343
0.31409546732902527	2.444906711578369	0.24171723425388336	0.6285689473152161	2.027907371520996	0.0	0.0	1.109034538269043	0.0	1.4680416584014893	0.5603529214859009	0.18184009194374084	0.0	0.0	0.0	3.0057520866394043	0.0	1.0613408088684082	1.692968726158142	0.0950738787651062	0.7102658152580261	2.6991803646087646	0.2404347062110901	0.3748575747013092	1.3589404821395874	2.8810291290283203	1.3690851926803589	3.6114766597747803	0.0	3.5379445552825928	1.769941806793213	0.0	1.4296737909317017	1.7830243110656738	0.0	1.829182505607605	0.7569220662117004	0.0	0.1336335837841034	0.8442289233207703	4.686716079711914	0.3748820424079895	0.9230669140815735	0.0	1.1836060285568237	0.0	0.0	0.8888183832168579	3.109872817993164	1.2819538116455078	0.32243648171424866	1.3212084770202637	0.0	0.6936443448066711	2.2911808490753174	0.0	0.0	0.0	0.0	0.8846721649169922	0.0	1.0606833696365356	1.8251100778579712	0.5169802308082581
0.0	0.5154579281806946	2.4144160747528076	0.7757326364517212	0.0	0.02153920568525791	1.3761159181594849	2.516669511795044	3.812373638153076	0.0	0.0	0.0	1.828975796699524	0.0	0.0	0.0	0.39490124583244324	0.45242854952812195	0.0	0.5229547619819641	0.0	1.7494909763336182	2.0525288581848145	2.5639283657073975	0.915120005607605	0.0	0.0	0.0	0.48102694749832153	1.9274989366531372	1.5781351327896118	1.8666497468948364	1.8047956228256226	0.8327783942222595	2.416569948196411	0.18685200810432434	0.9806423783302307	0.8887667655944824	0.3271755278110504	1.6589224338531494	0.0	0.7588451504707336	0.7023047804832458	1.5219547748565674	0.0	1.2512106895446777	0.4721239507198334	0.7880829572677612	2.8384759426116943	2.607883930206299	0.0	0.3338865339756012	0.7636382579803467	2.1636617183685303	0.0	0.9099106192588806	2.128085136413574	0.0	0.7208444476127625	2.051790237426758	1.1583935022354126	1.3106828927993774	0.0	0.0
0.9554011821746826	2.0291810035705566	0.0	3.035748243331909	0.0	1.5153310298919678	0.0	0.0	4.751222133636475	0.244015172123909	0.2634100019931793	0.038710564374923706	1.2732526063919067	0.8648860454559326	0.0	0.0	1.5619601011276245	1.0598145723342896	0.0	0.7538413405418396	0.7268534302711487	0.0	0.0	1.6373273134231567	0.0	0.0	1.4918018579483032	0.6279467344284058	0.0	0.0	0.14413362741470337	1.1613175868988037	0.7722304463386536	2.3375844955444336	1.0833656787872314	2.167189836502075	0.0	0.7312026619911194	2.8228228092193604	0.4586121737957001	0.0	0.18104621767997742	2.5227882862091064	0.9317010045051575	0.0	0.0	2.7467665672302246	0.0	2.1736583709716797	0.7678164839744568	1.5390193462371826	2.001443386077881	2.4050309658050537	0.47071099281311035	0.0	0.10050125420093536	2.831465721130371	1.4210160970687866	0.0	3.396670341491699	0.0	1.335753083229065	1.5643343925476074	1.9644943475723267
0.6634175777435303	0.25942185521125793	2.917909860610962	0.0	3.876316785812378	1.0372365713119507	0.8800577521324158	0.0	0.0	3.0753660202026367	0.010950001887977123	0.40531063079833984	0.0	0.0	2.266143798828125	2.9132349491119385	0.05857275053858757	0.40793633460998535	2.805748224258423	0.0	0.36660730838775635	0.41511693596839905	3.035839557647705	0.0	0.4870472252368927	2.0085036754608154	1.4980636835098267	2.866910219192505	2.790276527404785	0.13902047276496887	1.3778349161148071	0.0	2.076796770095825	0.7578461170196533	0.6045165657997131	1.6879003047943115	0.3674967288970947	0.0	0.0	0.0	4.424612522125244	0.7407448291778564	0.36791664361953735	2.016511917114258	1.719019889831543	2.3290464878082275	0.614764928817749	1.9512519836425781	0.0	0.0	0.0	0.0	1.170814871788025	0.0	1.2925838232040405	2.195451021194458	0.2554720938205719	0.9114909172058105	0.7739260196685791	0.0	2.4183199405670166	1.2699679136276245	1.1425645351409912	0.0
3.308018684387207	2.6680569648742676	0.0	2.794038772583008	0.0	1.45753014087677	0.0	1.6662129163742065	2.702759027481079	1.4416780471801758	0.9688898324966431	2.6253137588500977	0.232655867934227	1.6949361562728882	1.1019021272659302	0.3037765324115753	1.0931942462921143	1.1659377813339233	0.18404161930084229	1.2883912324905396	0.9828304648399353	0.9502050876617432	0.0	0.7726125717163086	0.0	3.0312082767486572	1.7191349267959595	2.2559096813201904	0.0	0.39265957474708557	0.0	0.2711014449596405	0.10626515001058578	2.8751182556152344	2.5775110721588135	2.0636634826660156	0.16409233212471008	1.582108736038208	2.346040964126587	0.37362655997276306	0.0	1.5305947065353394	1.2649641036987305	2.0135841369628906	0.45147618651390076	0.0	1.973013162612915	0.0	1.0403363704681396	0.6000850796699524	1.848941445350647	1.1434681415557861	1.4531548023223877	1.340108871459961	1.4853734970092773	1.2090808153152466	1.1436651945114136	2.119807243347168	0.0	3.1401729583740234	0.0	0.8557087779045105	1.5012943744659424	2.7218406200408936
3.7177746295928955	1.6385599374771118	0.5696555972099304	2.353710651397705	0.0	0.8635964393615723	0.0	2.3025689125061035	2.2401909828186035	1.072691798210144	1.9491126537322998	3.5292258262634277	0.7025901079177856	2.096343755722046	0.5701510310173035	0.5722092390060425	0.9426068067550659	0.0	1.0938396453857422	1.9529212713241577	0.45239198207855225	1.8962541818618774	0.0	0.5311170816421509	0.04341894015669823	3.9134135246276855	1.1939020156860352	1.0749422311782837	0.0	0.5552951693534851	0.0	0.5770487189292908	0.0	2.6722285747528076	3.35662579536438	0.0540088415145874	0.10368651896715164	1.5355905294418335	1.7229844331741333	0.2606346309185028	0.5641245245933533	2.207699775695801	0.07446761429309845	0.7891083359718323	0.3038363754749298	0.0	0.839788556098938	0.4864198863506317	0.010176542215049267	0.4270804822444916	2.3725028038024902	0.0	1.0187705755233765	2.659531831741333	2.068098783493042	2.171100616455078	1.0541268587112427	1.5381087064743042	0.6358397006988525	2.3351974487304688	0.4022104740142822	1.000476598739624	1.208310604095459	2.22859525680542
0.3962534964084625	0.8288070559501648	2.6890809535980225	0.8668498992919922	0.0	0.0	2.1720333099365234	3.971207618713379	3.937455415725708	0.34974053502082825	1.1979857683181763	0.40157562494277954	1.8123741149902344	0.41246822476387024	0.1968538761138916	0.0069069829769432545	1.0945971012115479	0.24055732786655426	0.0	1.5773473978042603	0.15922561287879944	2.723205327987671	2.275852918624878	2.4130349159240723	0.8013511300086975	0.0	0.0	0.0	1.2625453472137451	2.722682237625122	0.4476870596408844	1.0940399169921875	1.1065549850463867	1.062519907951355	2.4324841499328613	0.40816688537597656	2.083035707473755	1.6800477504730225	0.5579034090042114	2.1255569458007812	0.0	1.6959948539733887	0.0	2.736868381500244	0.0	1.4341679811477661	0.0	0.6876333355903625	2.9544925689697266	2.550222873687744	0.2505320608615875	0.29458123445510864	0.0	2.5792479515075684	0.2830947935581207	2.2841429710388184	1.538459300994873	0.0	0.9441368579864502	2.693425178527832	1.0396316051483154	0.16853679716587067	0.0	0.9372125864028931
0.9526798129081726	0.08073417842388153	2.3378992080688477	1.0059072971343994	0.0	0.0	1.9576213359832764	3.5289430618286133	3.982684373855591	0.0	0.26165661215782166	0.3677433729171753	2.109105348587036	0.0	0.03204919025301933	0.0	0.9226958155632019	0.19402334094047546	0.06488750129938126	1.4397023916244507	0.4320540726184845	2.6094727516174316	2.3868324756622314	2.3999483585357666	0.5133274793624878	0.0	0.0	0.0	0.0	2.4527194499969482	0.8283602595329285	0.8452297449111938	1.1181390285491943	1.245424509048462	2.5117385387420654	0.2200891226530075	1.9686106443405151	1.5811551809310913	0.7699946761131287	1.8638923168182373	0.0	2.281911849975586	0.19484739005565643	2.580195665359497	0.14459553360939026	1.5348962545394897	0.0	0.12629781663417816	3.101886510848999	2.903257131576538	0.33695921301841736	0.5039767026901245	0.0	2.730640411376953	0.21923302114009857	1.8723236322402954	1.2041189670562744	0.7742293477058411	0.8755496740341187	2.645522117614746	1.580681562423706	0.1605970561504364	0.02289656549692154	1.3216923475265503
0.0	0.0	2.929194688796997	0.9543858170509338	0.6693723797798157	0.4494948387145996	2.759982109069824	0.0	0.8768060207366943	1.138066053390503	0.0	0.0	1.2037986516952515	1.1700773239135742	0.1896626204252243	1.1656748056411743	3.3193459510803223	0.0	0.8054155707359314	0.0	2.729309320449829	0.0	3.859309434890747	1.2960503101348877	0.7071338891983032	0.0	0.0	0.0	3.5488297939300537	0.38612160086631775	0.531643271446228	0.24057228863239288	0.0	0.4324178397655487	0.0	2.4444687366485596	0.27510711550712585	0.0	1.340533971786499	0.29485347867012024	0.0	0.0	2.8933770656585693	1.119886875152588	0.0	1.611052393913269	1.388461709022522	4.047860145568848	2.1656579971313477	1.1450661420822144	0.0	1.9762643575668335	2.06322979927063	0.0	0.0	1.208836555480957	2.7697482109069824	0.0	1.3141436576843262	0.0	2.6199216842651367	2.4444777965545654	0.37384453415870667	0.7888195514678955
