0.0	0.3418017029762268	1.306655764579773	0.2420775294303894	0.0	0.19954943656921387	2.19071102142334	0.23024867475032806	2.0048065185546875	0.0	0.3906717300415039	0.2188090980052948	2.109088659286499	0.0	0.05889788642525673	0.7299778461456299	0.6975868344306946	1.2980029582977295	0.0	0.39871975779533386	0.0	2.1119003295898438	3.216630220413208	2.514124631881714	2.004274606704712	1.2635836601257324	0.0	0.0	0.9413927793502808	0.8502427339553833	1.2675631046295166	2.0168800354003906	0.0926111713051796	0.0	2.6387975215911865	0.0	2.6675567626953125	1.9433448314666748	1.3321284055709839	3.0165796279907227	0.0	1.6023080348968506	0.0	3.038759231567383	0.0	2.499800682067871	0.0	0.0	2.332514762878418	3.9528911113739014	0.23313874006271362	0.0	0.6434314846992493	1.6126580238342285	2.1180663108825684	2.1342649459838867	0.0	0.6848605275154114	0.9484105706214905	2.2512094974517822	1.8255783319473267	0.5512005686759949	0.2657041549682617	0.05200902000069618
0.10458066314458847	1.2460100650787354	2.4634227752685547	0.8917608857154846	1.0569087266921997	0.5915679931640625	2.64731764793396	2.2616515159606934	1.376671314239502	1.0017434358596802	0.891352653503418	0.0	0.6579394936561584	1.390102505683899	0.25206634402275085	2.1632883548736572	2.879169464111328	0.4120374917984009	1.4652726650238037	0.5258578062057495	3.867659091949463	0.8216915130615234	2.4144070148468018	0.3347422480583191	2.137594699859619	0.4940457046031952	1.6705595254898071	0.6226750612258911	2.392282247543335	1.8575034141540527	1.0695849657058716	2.5206315517425537	0.4379872679710388	1.045942783355713	0.0	2.5593948364257812	0.5548000335693359	0.0	2.6839981079101562	1.3404791355133057	2.2084202766418457	0.0	3.2632808685302734	0.8186348080635071	1.3326834440231323	1.6015633344650269	1.3502764701843262	2.0654821395874023	0.33551302552223206	2.28798770904541	0.7826433181762695	1.1235644817352295	2.854581117630005	1.8173067569732666	0.0	0.5154919624328613	1.743648886680603	0.0	1.088798999786377	0.8166599273681641	0.5963323712348938	3.2615814208984375	0.5133040547370911	0.43523523211479187
1.6870462894439697	0.0	2.5459225177764893	0.4127732515335083	1.647994875907898	1.1979539394378662	1.0079271793365479	1.408967137336731	0.0	3.587932586669922	0.3691835403442383	0.9924575090408325	0.0	0.11228694021701813	1.5391494035720825	3.1891720294952393	0.0	0.0	2.9300873279571533	0.2262764722108841	0.9444394111633301	0.04066900908946991	2.088343381881714	0.0	0.6182510852813721	2.34104061126709	0.0	2.7353527545928955	1.0733290910720825	1.8026981353759766	1.5416243076324463	1.396818995475769	2.673602819442749	1.1829395294189453	0.0	0.6017554998397827	0.0	0.0	0.0799170732498169	0.30026984214782715	3.4966349601745605	0.8618500828742981	0.17189568281173706	3.381545066833496	3.934256076812744	1.145194411277771	0.0	1.8543951511383057	0.5810585021972656	0.0	0.10838188230991364	0.6057940125465393	0.3367699980735779	0.007287569344043732	2.4959282875061035	1.763067603111267	0.0	1.6021831035614014	0.925717830657959	0.5868533253669739	1.4067339897155762	0.9228540658950806	1.5943355560302734	0.6955438256263733
0.0	0.0	1.623718023300171	0.03298844024538994	0.0	0.4742138981819153	2.3082869052886963	0.17531096935272217	1.7520259618759155	0.31839609146118164	0.3846646249294281	0.0	1.610621452331543	0.0	0.0	0.6908901333808899	0.03835945948958397	0.8095771074295044	0.026991350576281548	0.4744560718536377	0.0	1.8036353588104248	2.6245505809783936	1.792091727256775	2.5708413124084473	0.028523044660687447	0.0	0.0	0.927844762802124	0.9858506321907043	0.8874453902244568	2.4941954612731934	0.24155420064926147	0.0	2.8073322772979736	0.0	2.2007341384887695	1.6038038730621338	0.736254096031189	2.850027084350586	0.0	1.0368555784225464	0.0	3.2035255432128906	0.023611757904291153	1.7243807315826416	0.0	0.08038945496082306	2.2625622749328613	4.322294235229492	0.17043787240982056	0.0	0.7601929903030396	1.439604640007019	1.4259800910949707	1.483894944190979	0.0	0.0	0.8411279916763306	2.120842695236206	0.8636444211006165	0.9805130362510681	0.2216423749923706	0.0
1.389105200767517	3.5497941970825195	0.0	0.7852731943130493	0.0	1.3050367832183838	0.0	0.0	3.221057891845703	0.4415263533592224	0.58268141746521	1.6115875244140625	1.3091856241226196	0.1984972506761551	1.3418084383010864	0.0	0.7862969636917114	2.0684263706207275	0.189618319272995	0.8575345277786255	0.0	0.0	0.4721781313419342	2.4981424808502197	0.0	0.7647170424461365	2.513411283493042	0.11418233066797256	0.16234861314296722	0.0	0.0	3.046556234359741	0.0	1.4018778800964355	0.7940946817398071	1.1266062259674072	0.0	0.9087774157524109	3.019482135772705	1.1393414735794067	0.0	2.4107420444488525	0.8356437087059021	0.0	0.0	1.1323206424713135	2.032066583633423	0.0	0.0	2.0893499851226807	0.6623470187187195	1.3058769702911377	2.313112258911133	0.1390739232301712	0.0	1.6499277353286743	2.0457682609558105	2.78997540473938	0.30217215418815613	1.2754770517349243	0.268189936876297	2.9197402000427246	0.817759096622467	2.333681344985962
0.6436194777488708	1.1076905727386475	0.8227594494819641	1.2918355464935303	0.1261952519416809	0.530351996421814	3.225626230239868	0.0	1.3042073249816895	0.966908872127533	0.6612589359283447	0.0	1.435994267463684	0.8446432948112488	1.9815948009490967	0.8744749426841736	0.0	1.123040795326233	0.22336477041244507	1.0816563367843628	0.0	1.3775959014892578	2.0079426765441895	2.164302349090576	1.425518274307251	1.452728033065796	0.23351900279521942	0.09442044794559479	0.7709387540817261	1.4725691080093384	2.385840654373169	1.4890549182891846	1.313481092453003	0.898930549621582	2.1933016777038574	0.5097571015357971	2.7553369998931885	1.7373839616775513	0.735333263874054	3.466271162033081	0.7870689034461975	3.0609052181243896	0.5638608336448669	4.029645919799805	1.1271071434020996	1.4455007314682007	0.3195364475250244	0.7387133240699768	2.3209574222564697	4.625156879425049	0.35145464539527893	0.41172170639038086	0.23411819338798523	1.0132046937942505	1.5687836408615112	2.470332622528076	0.7926763296127319	1.4722838401794434	0.21663568913936615	1.8828173875808716	0.6922338604927063	0.9255406856536865	0.9562937617301941	1.399962306022644
0.1916595846414566	2.792978048324585	0.3606763780117035	2.4135687351226807	0.46320050954818726	0.5532666444778442	0.3238452076911926	0.9684929251670837	0.6188485622406006	1.4178707599639893	1.080674171447754	0.254558801651001	0.0	2.2575724124908447	0.014219130389392376	0.8113459348678589	1.3084666728973389	0.4252254366874695	1.5233643054962158	1.1680487394332886	1.8291144371032715	0.4723874032497406	0.3410945534706116	1.5059549808502197	0.9397990703582764	2.0488851070404053	2.4911766052246094	0.0	1.4563349485397339	0.0031131126452237368	0.0	0.9356239438056946	0.0	1.3600577116012573	0.0	2.0046894550323486	0.0	1.540604829788208	0.0	1.6993014812469482	0.07968786358833313	0.9129332304000854	1.67402184009552	0.40916889905929565	0.4288746416568756	0.0	0.0	0.12486471235752106	0.002775809494778514	1.8712655305862427	0.0	2.4162371158599854	1.9203497171401978	1.6951888799667358	1.6781829595565796	0.0	0.6767619848251343	0.0	0.3306107223033905	0.8398628234863281	0.0	0.8610904216766357	0.45625972747802734	2.0748801231384277
0.7717734575271606	0.0	1.7040679454803467	0.8069206476211548	2.6232895851135254	1.9736194610595703	2.890681028366089	1.8273975849151611	0.0	1.3105566501617432	1.6239609718322754	0.4809286594390869	0.6648690700531006	2.069571018218994	0.015102432109415531	2.7683558464050293	2.3225018978118896	0.1443575918674469	2.498898506164551	0.8475845456123352	3.208275556564331	1.040222406387329	1.6718806028366089	0.65859454870224	1.4563688039779663	0.7266761064529419	0.5618131160736084	2.088383197784424	1.279817819595337	2.271085023880005	1.0279892683029175	0.9999217987060547	0.46439650654792786	0.7523496150970459	0.0	0.9167294502258301	0.0	0.0	1.2285010814666748	0.6946719884872437	2.6400563716888428	0.0	2.1961915493011475	0.0	1.6038507223129272	0.844518780708313	0.0	2.6105732917785645	0.8165544271469116	1.9693220853805542	0.0	0.8075740933418274	1.9119019508361816	0.636006236076355	0.6231964826583862	0.0	1.7507675886154175	0.0	2.320469379425049	3.048799753189087	1.0534776449203491	3.1498610973358154	1.6272855997085571	0.44288408756256104
1.4768903255462646	0.10146057605743408	2.363138198852539	1.2847541570663452	0.8851069211959839	0.13882870972156525	3.0810632705688477	2.154271364212036	0.47008320689201355	1.3721859455108643	0.5308787226676941	0.6218384504318237	0.9158021211624146	0.8422280550003052	0.8744911551475525	2.6705005168914795	2.9382293224334717	0.0	1.1425515413284302	0.19743496179580688	3.0389251708984375	0.5996671319007874	2.934519052505493	0.6432465314865112	1.9535971879959106	1.852351427078247	0.15628758072853088	1.2521687746047974	2.568498134613037	2.4677600860595703	1.3380954265594482	1.675915002822876	0.1493566781282425	0.7413801550865173	0.0	1.614983320236206	0.22712667286396027	0.2973487377166748	2.296480178833008	0.7331912517547607	2.101296901702881	0.24455592036247253	2.8648059368133545	0.0	1.791982650756836	0.9678875803947449	0.474141001701355	2.151960611343384	0.9223626255989075	0.5533950328826904	0.08864033967256546	0.8479738831520081	1.8363702297210693	1.4595587253570557	0.0	0.3541163504123688	2.050140142440796	0.0	1.2602216005325317	1.407251238822937	1.6003587245941162	2.6110150814056396	0.9021363854408264	0.0
2.733675003051758	4.395895481109619	0.1204807460308075	0.6874009966850281	0.9677549004554749	1.0547308921813965	0.0	0.0	2.9365665912628174	1.4900805950164795	1.0833594799041748	3.0324199199676514	1.3591537475585938	0.9869434833526611	1.7967702150344849	0.12711195647716522	0.829261839389801	1.6878801584243774	0.0	1.3790861368179321	0.0	0.0	2.1754090785980225	2.6347885131835938	0.04921625927090645	1.8345869779586792	2.09126353263855	0.07299257814884186	0.4777887761592865	0.0	0.0	3.527520179748535	0.021278485655784607	1.3561654090881348	1.4159713983535767	1.263165831565857	0.9947589635848999	1.2270222902297974	2.6545069217681885	1.6990712881088257	0.0	2.8046154975891113	0.47074607014656067	2.5412933826446533	0.0	1.4206737279891968	1.549507737159729	0.0	0.0	2.502692222595215	0.43864545226097107	1.5504040718078613	1.5506644248962402	1.0324817895889282	0.0	3.211237907409668	2.662874221801758	1.973249912261963	0.8715319633483887	1.2281075716018677	0.7837676405906677	3.0274465084075928	0.35967159271240234	3.0964152812957764
4.0702996253967285	4.605770587921143	0.15933458507061005	1.6694010496139526	0.04932611435651779	2.192517042160034	0.22521866858005524	0.41090795397758484	3.2143423557281494	0.8207529187202454	1.2574996948242188	3.7803232669830322	0.7843652963638306	1.0470868349075317	2.5630321502685547	0.19669392704963684	0.8965331315994263	1.2421237230300903	0.3648086488246918	0.8295524716377258	0.9059402942657471	0.0	1.0448477268218994	1.6841344833374023	0.36487025022506714	3.8650925159454346	3.927116632461548	1.5138819217681885	1.0836501121520996	0.9836806654930115	1.2061198949813843	3.8977513313293457	0.2964637279510498	1.5779322385787964	1.486244797706604	1.5683785676956177	0.023933682590723038	1.3488267660140991	2.195540428161621	1.5098509788513184	1.1590595245361328	3.4093985557556152	1.5574263334274292	2.048663377761841	0.0	1.3619163036346436	1.7709896564483643	0.0	0.318644255399704	1.250966191291809	0.4487306773662567	1.342081904411316	2.795531749725342	0.7785322666168213	0.8114239573478699	2.428971529006958	2.079906463623047	3.982478380203247	0.4602886736392975	1.987923264503479	0.0	3.4752817153930664	0.641694962978363	2.780900716781616
4.041935920715332	4.8482441902160645	0.0	1.8278095722198486	0.0	0.6149798631668091	0.029800601303577423	0.6479673981666565	1.5950440168380737	2.027951955795288	0.6883607506752014	3.124368906021118	0.2594446837902069	3.0411508083343506	1.1236170530319214	0.574787437915802	2.0721852779388428	0.10430482029914856	0.6975322961807251	1.3561387062072754	1.4751311540603638	0.6579092144966125	1.0846774578094482	1.240825891494751	0.6562672257423401	4.236202239990234	2.2071542739868164	0.12044116109609604	1.0924910306930542	0.0	0.23019126057624817	0.49406394362449646	0.0	2.1385345458984375	1.5333114862442017	2.167724132537842	0.0	1.2806059122085571	0.7986220717430115	0.6131011843681335	0.31105878949165344	2.493025302886963	3.152660608291626	1.0787618160247803	0.0	0.1421516388654709	0.8381033539772034	0.0	0.7141947746276855	1.1613812446594238	0.6039857864379883	2.821849822998047	1.5806223154067993	0.4394901692867279	1.5438898801803589	0.9474635124206543	2.5693905353546143	1.659654140472412	0.0	0.9933955669403076	0.17072755098342896	2.4750165939331055	0.8780500292778015	2.356870174407959
0.0	0.2578234374523163	1.898796558380127	1.012001633644104	0.7396802306175232	1.0504430532455444	0.0	1.6762464046478271	0.0	0.2311757504940033	0.7956314086914062	0.0	0.0	0.27684536576271057	0.2609533369541168	2.900684118270874	0.0	0.4886265993118286	2.5278611183166504	0.0	1.7890242338180542	0.8418938517570496	0.033961113542318344	0.10152167081832886	1.6754066944122314	2.6827163696289062	0.6203610301017761	2.4591636657714844	0.30518630146980286	3.131312370300293	1.9624159336090088	0.0	1.6883352994918823	1.7732951641082764	0.0	1.0068838596343994	0.0	0.3178254961967468	0.0	2.1358611583709717	3.287860870361328	0.0	0.7676272392272949	0.0	2.8067805767059326	0.0	0.0	0.7799363732337952	2.2122156620025635	1.799017310142517	0.0	0.4613502323627472	0.0	0.4260682463645935	1.9869927167892456	0.0	0.0	0.6179424524307251	0.0	2.164663791656494	0.0	0.7990896105766296	1.0248949527740479	0.0
3.6770946979522705	4.1490983963012695	0.009488575160503387	1.9887607097625732	0.0	0.9106998443603516	0.0	0.2527150511741638	1.8223832845687866	0.8685629963874817	0.44278404116630554	3.616071939468384	0.5667203664779663	2.026289701461792	0.5834429264068604	0.08278805762529373	1.5075786113739014	0.7543830275535583	0.0	1.414829969406128	1.1764163970947266	0.13489533960819244	1.1130658388137817	2.3947746753692627	0.30559733510017395	3.960291624069214	3.0451102256774902	0.11582332849502563	0.48677048087120056	0.0	0.07521145790815353	1.6466597318649292	0.2324897050857544	2.210904121398926	0.7257224321365356	2.564958333969116	0.020458778366446495	1.4152597188949585	1.4823918342590332	0.41484534740448	0.635253369808197	1.4966343641281128	2.4716272354125977	0.0	0.0	0.25012484192848206	1.0272717475891113	0.2790268659591675	0.0	1.1837769746780396	1.1434218883514404	1.9886136054992676	1.8640432357788086	0.7463757991790771	0.3476236164569855	0.0	1.7813071012496948	1.1204416751861572	0.4723774492740631	0.2087273746728897	0.0	2.4499831199645996	0.5006942749023438	2.2462708950042725
0.3490047752857208	4.178714752197266	0.0	1.4669218063354492	0.0	1.265608549118042	0.6041905879974365	0.0	3.49029278755188	0.7427250146865845	0.6884433627128601	0.3844531178474426	0.7031236290931702	1.647214651107788	1.2734532356262207	0.3548039495944977	1.8705570697784424	1.9279831647872925	0.24876895546913147	0.7718172669410706	0.44647425413131714	0.2724687159061432	0.0	2.1457834243774414	0.0	0.47612464427948	2.91890025138855	0.0	0.5696347951889038	0.03510579094290733	0.14580492675304413	2.7558724880218506	0.0	1.6429009437561035	0.3732539713382721	2.169725179672241	0.31119149923324585	0.8049014806747437	2.7822017669677734	0.28163066506385803	0.16625450551509857	1.4289014339447021	3.084583282470703	0.0	0.0	0.36791330575942993	2.3274059295654297	0.0	0.0	1.2002108097076416	0.7785612940788269	2.4372944831848145	1.7367210388183594	0.032785944640636444	0.0	0.48642390966415405	2.12693190574646	2.4537713527679443	0.09269427508115768	1.113676905632019	0.0	1.758797287940979	0.7141304612159729	2.383230209350586
1.3572053909301758	3.3781213760375977	0.0	0.08645853400230408	0.6303879022598267	1.698106288909912	0.0	0.0	3.4301722049713135	0.8753728866577148	0.7876644730567932	1.982093334197998	1.1657476425170898	0.46105411648750305	1.5930557250976562	0.0	1.2302623987197876	1.825252890586853	0.0	0.9972684383392334	0.0	0.0	1.1792515516281128	2.546811580657959	0.0	0.7858094573020935	2.828836679458618	0.14909781515598297	0.10814719647169113	0.0	0.0	2.8133790493011475	0.0	1.1728386878967285	0.5813954472541809	1.1923036575317383	0.26426762342453003	0.9708095788955688	2.563377857208252	1.1015148162841797	0.0	2.1273410320281982	0.6930383443832397	0.9270431995391846	0.0	1.5145753622055054	1.3691965341567993	0.0	0.0	1.8095934391021729	0.5337136387825012	1.1633598804473877	2.1367805004119873	0.7499539852142334	0.0	1.927600383758545	2.1655774116516113	2.321704864501953	0.13976211845874786	1.443365216255188	0.2273274064064026	3.12894868850708	0.42177459597587585	2.824099540710449
1.0532488822937012	0.0	2.4373764991760254	0.4729081094264984	0.6658401489257812	2.107743501663208	0.0	1.5796208381652832	0.0	0.8121933937072754	0.9982045888900757	0.8232844471931458	0.0	1.3309248685836792	0.5240147113800049	3.16841197013855	0.17189767956733704	0.3032306432723999	2.641136407852173	0.3429974317550659	1.0986595153808594	0.6767178177833557	0.555884599685669	0.02995840460062027	0.9810405373573303	3.416638135910034	0.44429102540016174	3.522534132003784	0.6173895597457886	2.679487705230713	1.9849425554275513	1.302764892578125	1.6025543212890625	1.9917494058609009	0.0	0.5089315176010132	0.0	0.2125825136899948	0.06719754636287689	0.8917279243469238	3.517432689666748	0.09500528872013092	0.39831411838531494	0.4638460874557495	3.634167194366455	0.0	0.0	1.7707618474960327	1.078494906425476	1.0639615058898926	0.1964513063430786	0.6820558309555054	0.0	0.0975690633058548	2.951665163040161	0.6260486841201782	0.013225018978118896	0.4716264605522156	0.40008196234703064	1.0658906698226929	0.5709182620048523	1.1327059268951416	1.602435827255249	0.0
0.0	0.0	1.8275500535964966	0.0	0.0	0.9147582650184631	2.3394298553466797	0.0	2.3646483421325684	0.3256055414676666	0.9947313070297241	0.0	1.546849250793457	0.0	0.30989977717399597	1.0375043153762817	0.2628127634525299	1.2505537271499634	0.0	0.9777562618255615	0.0	1.4116755723953247	2.4492902755737305	2.1730029582977295	1.8303176164627075	0.0	0.0	0.0	0.3704955577850342	0.6031232476234436	1.5290557146072388	2.918775796890259	0.7796773910522461	0.10265005379915237	1.803318977355957	0.0	2.3356833457946777	0.6075726747512817	1.944593071937561	2.7950074672698975	0.0	1.003583550453186	0.0	3.2375574111938477	0.24645942449569702	2.3278160095214844	0.0	0.28717654943466187	1.608304500579834	3.461594820022583	0.0	0.0	1.5007977485656738	1.0636621713638306	0.24799515306949615	1.6170154809951782	0.13500170409679413	0.07391741871833801	0.8775331377983093	1.8993263244628906	0.7872480154037476	2.5080184936523438	0.49088290333747864	0.655150294303894
3.1838643550872803	2.89955735206604	0.7728136777877808	1.7489583492279053	0.0	0.325995534658432	0.0	0.9020566344261169	1.566742181777954	1.4969730377197266	1.442438006401062	2.414060354232788	0.9890708327293396	2.5761492252349854	0.17790487408638	0.6650179028511047	0.7286490797996521	0.3236808478832245	0.46265551447868347	1.7349966764450073	1.2886959314346313	0.5930547714233398	2.8315608501434326	2.5718960762023926	1.6247626543045044	3.9747724533081055	1.9439963102340698	0.0	2.0261318683624268	0.0	0.0	1.681477665901184	0.0	1.29109787940979	1.621158480644226	2.2114832401275635	0.0	1.3830082416534424	0.7097446918487549	2.3775033950805664	0.11651882529258728	1.4131261110305786	1.0472768545150757	1.6593022346496582	0.23601886630058289	0.6275086402893066	0.0	0.48687291145324707	0.0	3.0165791511535645	0.112315833568573	2.5553343296051025	2.7050905227661133	1.188910722732544	1.7377232313156128	0.3958986699581146	2.1534106731414795	0.0	0.8053268194198608	3.4363245964050293	0.0	2.842851161956787	0.2900587320327759	2.4067482948303223
1.0303101539611816	0.0	2.554690361022949	0.9097359776496887	1.7362762689590454	2.8547523021698	0.3412495255470276	0.8394692540168762	0.4231362044811249	3.4503002166748047	0.5350849032402039	0.5418585538864136	0.0	0.12145815044641495	2.8931357860565186	2.706540822982788	0.0	0.030381586402654648	3.2682149410247803	0.0	0.5180257558822632	0.3381445109844208	0.8223583698272705	0.0	0.9504570960998535	2.5083978176116943	0.9449682831764221	1.9521963596343994	0.2675047218799591	2.003075361251831	1.2999595403671265	0.5867886543273926	2.2185492515563965	1.3887845277786255	0.0	0.9600452184677124	0.0	0.5523378252983093	0.0	0.5330685377120972	3.873087167739868	1.1993935108184814	0.0	1.6191264390945435	3.7391726970672607	0.6225050091743469	0.8745253682136536	2.013563871383667	1.0164027214050293	0.2437698245048523	0.07531257718801498	0.33690401911735535	0.0	0.0	1.8848592042922974	0.802734911441803	0.0	3.552828788757324	1.2629953622817993	0.6228722929954529	1.1739981174468994	0.2229526937007904	0.7853960394859314	0.0
0.0	0.6344020962715149	1.7666304111480713	1.337647795677185	0.4627529978752136	1.1548256874084473	0.0	1.4879786968231201	0.0	0.6329911947250366	0.8948280215263367	0.0	0.10261259973049164	0.2637484073638916	0.39379340410232544	2.366548776626587	0.0	0.5340012907981873	2.4358227252960205	0.025565851479768753	1.5804370641708374	1.142310619354248	0.0	0.0	1.5062870979309082	2.436694383621216	0.6567453145980835	2.2132627964019775	0.17148011922836304	3.1756093502044678	1.9663934707641602	0.0	1.097731590270996	2.2869322299957275	0.0	0.6119486689567566	0.07822278141975403	0.9868824481964111	0.0	2.4969465732574463	3.458028554916382	0.01748395711183548	0.6789087057113647	0.0	2.6844372749328613	0.0	0.0	0.8285598158836365	1.9104002714157104	2.350368022918701	0.020084742456674576	0.5095725655555725	0.0	0.3168596923351288	2.0553009510040283	0.0	0.0	0.20821820199489594	0.0	2.2726075649261475	0.0	0.6100118160247803	1.204482078552246	0.0
0.8428755402565002	0.06443730741739273	2.103029489517212	0.9408907294273376	0.3556334674358368	0.5862575173377991	2.7511651515960693	1.6444746255874634	1.4986660480499268	0.010101339779794216	0.4673316478729248	0.5165044665336609	1.5752843618392944	0.4737679362297058	0.0	2.357933282852173	3.4526638984680176	0.5373382568359375	0.0	0.41233816742897034	2.857417583465576	0.5422342419624329	3.399648904800415	1.8002073764801025	1.3710362911224365	0.0	0.6271461844444275	0.0	3.113316297531128	1.4245496988296509	0.9981560111045837	2.3128015995025635	0.6876208186149597	0.3078297972679138	0.0	1.4528863430023193	0.7846212387084961	0.24375557899475098	2.9624240398406982	0.754368245601654	1.6286036968231201	0.1747412085533142	3.6935534477233887	0.0	1.5058778524398804	1.6791495084762573	1.5704832077026367	1.204185962677002	0.7208101749420166	1.4475384950637817	0.25997868180274963	0.6740042567253113	1.7497203350067139	1.709782361984253	0.0	0.8827508091926575	2.6948180198669434	0.0	1.0466843843460083	0.6947224736213684	2.246560573577881	2.8207080364227295	1.1504336595535278	0.01911034621298313
1.4095062017440796	3.885873317718506	0.0	0.6293351650238037	0.0	1.1336060762405396	0.0	0.0	3.1708056926727295	0.45756009221076965	0.7976122498512268	1.5734227895736694	0.7915443778038025	0.7943459749221802	1.7175006866455078	0.0	1.7866510152816772	1.825140357017517	0.10903351753950119	0.8392993211746216	0.8576539158821106	0.0	0.5807242393493652	1.884102702140808	0.020887237042188644	0.7223467826843262	3.2439165115356445	0.29238954186439514	0.4225034713745117	0.0	0.0	3.2618093490600586	0.2980404198169708	1.2685632705688477	0.05343255773186684	1.6492040157318115	0.2138126790523529	0.5406642556190491	2.7488274574279785	0.9960955381393433	0.0	2.3398685455322266	2.6487629413604736	0.20531466603279114	0.0	0.6831919550895691	2.187093734741211	0.0	0.0	1.5039739608764648	0.9291239380836487	1.7133080959320068	2.5678789615631104	0.7993767261505127	0.0	1.3440011739730835	2.3689334392547607	2.9133200645446777	0.0	1.1587821245193481	0.1290166676044464	2.970341205596924	0.8194725513458252	2.3436081409454346
0.0	0.0	1.8257410526275635	0.8332505226135254	0.05452274531126022	2.2941629886627197	0.0	1.786353349685669	0.0	0.10621193796396255	1.2557908296585083	0.0	0.48345863819122314	1.4047809839248657	0.4091127812862396	3.018066167831421	0.11038744449615479	0.38696229457855225	1.8485254049301147	0.3021601736545563	2.126599073410034	0.9406993389129639	1.267155408859253	0.8143008351325989	1.4095176458358765	2.289917469024658	1.735291600227356	2.553447723388672	0.3939352035522461	3.1814959049224854	1.8385229110717773	0.014531553722918034	1.4315378665924072	2.0076677799224854	0.0	0.9113007187843323	0.0	0.5202929377555847	0.0	2.06256365776062	4.11253023147583	0.0	0.6115476489067078	0.0	3.0013599395751953	0.0	0.0	0.423772931098938	1.7468106746673584	2.007089376449585	0.0	0.5846365690231323	0.0	0.9152870178222656	1.4633355140686035	0.0	0.0	1.245054841041565	0.0	1.9341505765914917	0.43379199504852295	1.3108705282211304	1.5145237445831299	0.0
1.7535395622253418	3.648784875869751	1.535736322402954	1.1662794351577759	0.7849588990211487	2.122577667236328	0.0	0.5045280456542969	2.8230152130126953	0.6658485531806946	1.49651038646698	0.936832845211029	1.0986090898513794	0.929485023021698	0.42291781306266785	0.6438010334968567	1.9431873559951782	1.3213396072387695	0.0	0.5416528582572937	1.570952296257019	1.8611061573028564	1.480959415435791	2.362633228302002	1.3762398958206177	4.17916202545166	3.0637753009796143	0.5235491394996643	1.271454095840454	1.0343523025512695	1.0869377851486206	3.682173013687134	0.5461753606796265	1.2174841165542603	0.6402229070663452	2.2216975688934326	0.9214029908180237	1.9291881322860718	2.446810483932495	3.102969169616699	1.062272548675537	2.520014762878418	2.066960334777832	3.2415196895599365	0.7393987774848938	1.5097885131835938	1.3777189254760742	0.22597424685955048	0.48015016317367554	3.173140048980713	0.3717392683029175	1.892638087272644	3.082589626312256	1.5547717809677124	0.544719934463501	2.3727755546569824	1.7014577388763428	2.357882261276245	0.6392567753791809	2.410165786743164	0.0	3.2750535011291504	0.5722677111625671	3.535637140274048
0.5890225172042847	0.16248935461044312	2.2916712760925293	1.6184123754501343	0.5068431496620178	0.7028011679649353	2.356070041656494	1.3344382047653198	1.7867295742034912	0.24674735963344574	0.24318867921829224	0.0	1.5397284030914307	0.5779023170471191	0.6813796758651733	1.6627318859100342	3.3754560947418213	0.6689774990081787	0.5759725570678711	0.0	3.0472381114959717	0.47541508078575134	3.709665298461914	1.0771701335906982	1.1663320064544678	0.29172343015670776	1.2126251459121704	0.27941685914993286	3.252837657928467	1.3415582180023193	0.9210412502288818	2.834369659423828	0.12083309888839722	0.0746835470199585	0.0	1.5695024728775024	0.43313950300216675	0.0	3.2369771003723145	0.7455336451530457	1.896369457244873	0.3735751807689667	3.889451265335083	0.0	1.286554217338562	0.8081096410751343	1.9582096338272095	1.8291264772415161	0.40123897790908813	1.5045307874679565	0.5553815364837646	1.1088696718215942	2.8122169971466064	1.798934817314148	0.0	0.7312727570533752	2.180870532989502	0.9369996190071106	1.0935677289962769	0.0	2.309478521347046	2.306393623352051	0.9910431504249573	1.266929030418396
1.345838189125061	0.0	1.8889333009719849	1.2144503593444824	0.26124805212020874	0.5995630621910095	1.1872047185897827	1.7547235488891602	1.0598423480987549	0.656246542930603	1.5705386400222778	0.9681473970413208	1.4229081869125366	0.8164821267127991	0.0	2.0883753299713135	2.761793375015259	0.48025113344192505	0.2023385465145111	0.26009783148765564	2.831378698348999	0.7941551804542542	2.690026044845581	1.586586594581604	1.728110909461975	0.882988452911377	1.4170141220092773	0.8944866061210632	2.485912799835205	2.4683659076690674	0.4684492349624634	2.5395798683166504	0.21948692202568054	0.7859764099121094	0.0	1.7739777565002441	0.11794877052307129	0.0	3.14286732673645	2.55702543258667	2.58583927154541	0.0	2.9300994873046875	0.0	1.4900257587432861	0.09502492100000381	0.0	0.4602052569389343	0.37127143144607544	2.4577300548553467	0.017931818962097168	1.067736029624939	1.2160433530807495	1.983352780342102	0.0	0.0	2.2704575061798096	0.0	0.9160364866256714	1.8053168058395386	2.2121477127075195	2.570384979248047	1.8378533124923706	0.08942683041095734
4.7452192306518555	4.363255500793457	0.18837232887744904	1.7143452167510986	0.0	1.0121265649795532	0.0	0.2235717475414276	1.8920769691467285	1.8629900217056274	1.0811080932617188	4.288503170013428	0.5752796530723572	2.1432948112487793	1.479769229888916	0.5899015069007874	0.022286297753453255	0.4984912872314453	0.14802303910255432	1.7245793342590332	0.0	0.47991427779197693	0.5226271748542786	1.7040666341781616	0.6465787887573242	4.256292819976807	2.1732401847839355	0.10118035972118378	0.7443315386772156	0.08828473836183548	0.3526655435562134	1.6307743787765503	0.5136407613754272	1.9517834186553955	1.3317049741744995	2.057520866394043	0.02448115311563015	2.0880885124206543	0.6895498037338257	1.6978907585144043	1.1185994148254395	2.439741373062134	0.5985982418060303	0.0	0.0	0.09870351850986481	0.5832490921020508	0.4164557158946991	0.3195195496082306	1.0138964653015137	0.6016301512718201	1.320774793624878	0.7885690927505493	0.38531702756881714	2.009626865386963	0.19218960404396057	1.198974370956421	2.203742504119873	0.0	0.6731000542640686	0.3900119662284851	1.669158697128296	0.6309940814971924	2.9669437408447266
0.0	0.3650079667568207	2.1058220863342285	1.2151216268539429	2.0837321281433105	2.4130940437316895	0.0	1.5814719200134277	0.0	0.5548256039619446	0.8784224390983582	0.0	0.07667466998100281	0.7311824560165405	0.5762739777565002	2.583374261856079	0.0	0.39289137721061707	2.829993963241577	0.0	1.6890782117843628	1.2374558448791504	0.20686133205890656	0.0	1.606064796447754	2.742192268371582	1.3577296733856201	2.3711984157562256	0.176906019449234	3.2141456604003906	1.7537319660186768	0.0	1.2792516946792603	1.9717822074890137	0.0	1.0440987348556519	0.016148695722222328	0.5778220891952515	0.0	2.1733334064483643	4.064182281494141	0.0	0.592367947101593	0.0	2.915886878967285	0.0	0.0	0.8918306827545166	1.4399282932281494	2.0225298404693604	0.0	0.5388786196708679	0.0	0.6349220275878906	1.7702741622924805	0.0	0.08609535545110703	1.3211296796798706	0.0	2.0228192806243896	0.15159527957439423	1.033226728439331	0.9789460301399231	0.0
1.1721025705337524	4.554538726806641	0.6848459243774414	1.4126436710357666	1.537882685661316	1.2926279306411743	0.0	0.6630560755729675	2.9638421535491943	1.300948143005371	1.2137023210525513	0.25407564640045166	0.6432074308395386	2.4583890438079834	1.1299153566360474	0.7122867107391357	1.6969032287597656	0.9113008379936218	1.252880334854126	1.6270735263824463	1.6884939670562744	0.31697678565979004	1.4104729890823364	2.444092035293579	1.2636935710906982	1.9667738676071167	2.6604015827178955	0.0	1.3267366886138916	0.0	0.0	2.217444896697998	0.0	1.7632633447647095	0.6927089095115662	1.521846055984497	0.5571258068084717	0.9541952610015869	1.9358452558517456	1.664308786392212	0.69096440076828	2.027061700820923	2.369642972946167	1.3812285661697388	0.14105799794197083	0.6132765412330627	1.151919960975647	0.452078640460968	0.0	2.207868814468384	0.45076778531074524	2.6032776832580566	2.4020724296569824	0.6195172071456909	0.8829625248908997	0.6869170069694519	2.713392496109009	1.3970146179199219	1.013333797454834	2.817458391189575	0.0	2.487009286880493	0.01980843022465706	2.6641697883605957
0.14931081235408783	0.3075651526451111	2.40476393699646	1.3204667568206787	1.667620301246643	2.629800319671631	0.0	1.3638365268707275	0.4271683692932129	2.0144829750061035	0.6025723814964294	0.03757977485656738	0.0	1.010159969329834	1.8807240724563599	2.9066343307495117	0.0	0.23367999494075775	3.3983776569366455	0.0	1.417402982711792	0.8792973756790161	1.2131460905075073	0.0	1.5664165019989014	3.3667023181915283	1.3770054578781128	2.340261697769165	0.21684256196022034	2.7841899394989014	1.9840383529663086	0.9238304495811462	1.921526551246643	1.792672872543335	0.0	1.2145447731018066	0.0	0.7364321947097778	0.0	1.217922329902649	4.259436130523682	0.18690891563892365	0.3459549844264984	0.21781110763549805	3.3038392066955566	0.0	0.6956058144569397	1.5105048418045044	1.326261043548584	1.989589810371399	0.0	0.27569854259490967	0.0	0.029589887708425522	2.1790120601654053	0.0	0.0	2.5897915363311768	0.5038451552391052	1.3438843488693237	0.4519787132740021	0.35165926814079285	0.9790248274803162	0.0
0.24994182586669922	0.0	2.593040704727173	1.5838841199874878	1.5852789878845215	0.07941728830337524	2.9307289123535156	2.1840081214904785	0.18016177415847778	1.1324987411499023	0.43849921226501465	0.0	0.8794251680374146	0.28109490871429443	1.1118955612182617	2.255784511566162	2.955925703048706	0.0	2.246480941772461	0.0	3.1439852714538574	1.254983901977539	2.905191659927368	0.025654690340161324	1.6634963750839233	0.09579554200172424	0.0	0.0	2.726684808731079	2.0982069969177246	0.6011791825294495	1.2559707164764404	0.0	0.6026349663734436	0.0	1.6184041500091553	0.5462486147880554	0.0	1.8566737174987793	1.3922462463378906	2.237459897994995	0.0	2.834897994995117	0.1441272795200348	2.141592025756836	1.071937918663025	1.1269214153289795	2.51837158203125	0.5458033680915833	0.634644091129303	0.0	0.5017955303192139	0.9998784065246582	1.3186511993408203	0.13037727773189545	0.5776135325431824	1.4586657285690308	0.04420481622219086	1.4727318286895752	0.27195826172828674	2.2804012298583984	0.10101713240146637	0.8407575488090515	0.0
0.0	0.0	1.4263914823532104	1.028694987297058	0.0	1.184728741645813	0.4893898069858551	0.1797366887331009	1.9733152389526367	0.0	0.6862410306930542	0.6588345766067505	2.2086405754089355	0.0	0.0	0.7401384115219116	0.15693606436252594	1.2296419143676758	0.0	0.2118401676416397	0.0	1.451668381690979	1.9436545372009277	2.917126178741455	2.344128370285034	0.9523844718933105	0.0	0.0	0.7986404299736023	1.0311315059661865	1.0461617708206177	2.4947845935821533	0.0	0.4395354986190796	1.9746110439300537	0.0	1.6422926187515259	2.274968385696411	1.3108530044555664	3.048541784286499	0.0	0.3042308986186981	0.0	2.374107599258423	0.0	1.3782072067260742	0.0	0.0	2.4800686836242676	3.890571117401123	0.28808164596557617	0.0	0.31473875045776367	0.5039945840835571	1.9092671871185303	1.5976096391677856	0.0	0.0	0.8854156732559204	2.2800710201263428	1.2092936038970947	0.7082496285438538	0.7486209273338318	0.0
1.0706894397735596	0.0	2.4063191413879395	1.463006854057312	0.15117362141609192	0.21183301508426666	2.8873045444488525	1.7218469381332397	0.7786097526550293	0.0	0.19654406607151031	0.10843290388584137	1.5642000436782837	0.5574313402175903	0.0	1.9640536308288574	3.7491695880889893	0.5026059746742249	0.49356791377067566	0.3914671838283539	2.5706472396850586	0.7280442714691162	3.9603679180145264	1.4153077602386475	1.4313498735427856	0.13554950058460236	0.28000524640083313	0.3844931125640869	3.5160586833953857	1.272705078125	0.4310401678085327	1.9048112630844116	0.0	0.0	0.0	1.23478102684021	0.7478213310241699	0.14687830209732056	2.292787551879883	0.5887613892555237	1.2989193201065063	0.0	3.562993288040161	0.0	1.3801324367523193	0.7409954071044922	1.508046269416809	1.8187122344970703	0.5886526703834534	2.12829327583313	0.06093043461441994	1.2903568744659424	2.1687183380126953	2.127686023712158	0.0	0.021275488659739494	2.3624045848846436	0.0	1.0352792739868164	0.09733211994171143	2.77736759185791	1.8737894296646118	0.8898385167121887	0.0
2.388343334197998	2.8252456188201904	1.4914289712905884	1.306144118309021	0.5520915985107422	0.4087519347667694	0.0	0.8906965851783752	2.0509417057037354	1.6141952276229858	1.4035732746124268	2.8667044639587402	0.7519161105155945	2.699536085128784	0.7612040638923645	0.0	0.3953494429588318	0.12167350947856903	1.7084219455718994	1.632901668548584	0.6557080149650574	1.069778323173523	1.673659086227417	1.567775011062622	2.123516082763672	3.7470335960388184	1.6670366525650024	0.0	2.119417190551758	0.0	0.08169537037611008	2.1593525409698486	0.396351158618927	1.435193657875061	1.9756546020507812	2.1581904888153076	0.1752232015132904	2.252880573272705	0.6709709763526917	2.6405189037323	0.0	1.7974590063095093	0.6729041934013367	2.547074794769287	0.2407180666923523	0.6105893850326538	0.0	0.9291774034500122	0.5556588172912598	3.2312846183776855	0.690764307975769	1.4695404767990112	2.0670359134674072	1.0920155048370361	2.9408180713653564	1.5319616794586182	1.5073035955429077	0.7057754993438721	0.06301462650299072	2.330310583114624	0.0	2.5425941944122314	0.5916964411735535	2.3088974952697754
0.0	0.06640342622995377	1.7990195751190186	1.1094874143600464	1.0967369079589844	2.650024175643921	0.0	1.1546231508255005	0.0	0.2018308937549591	1.3220760822296143	0.0	0.0	0.8462415337562561	0.8524423837661743	2.465449810028076	0.1471489816904068	0.8113008737564087	2.5212836265563965	0.008706869557499886	1.4881075620651245	0.9637760519981384	0.0	0.0	1.4184696674346924	2.902474880218506	1.2322521209716797	2.494009256362915	0.0	3.175469160079956	1.913069486618042	0.11052659153938293	1.373008131980896	1.8766311407089233	0.0	0.8132287263870239	0.0	0.792571485042572	0.0	1.9143472909927368	4.287489414215088	0.0	0.5675036311149597	0.0	2.8595449924468994	0.0	0.016548437997698784	0.7886279821395874	1.7010178565979004	2.151811361312866	0.12667052447795868	0.47240617871284485	0.060611627995967865	0.0	1.7065483331680298	0.0	0.0	1.5373687744140625	0.0	1.9901111125946045	0.0	0.5738661885261536	1.008820652961731	0.0
0.3310222029685974	0.0	2.466397523880005	0.9173033237457275	1.4080497026443481	1.3360841274261475	2.40910267829895	1.5535202026367188	0.6628488302230835	1.8973469734191895	0.3442840278148651	0.17500311136245728	1.3673958778381348	0.14683780074119568	1.173446536064148	2.548872232437134	2.5456998348236084	0.3009234070777893	1.030151128768921	0.14399251341819763	2.7089130878448486	0.5333707928657532	3.646608591079712	1.8134756088256836	1.0202841758728027	0.0	1.2796757221221924	0.0	2.901846408843994	1.5074198246002197	1.0366109609603882	2.0164732933044434	0.5996595025062561	0.34663665294647217	0.0	0.89691162109375	0.589841902256012	0.13931162655353546	2.2700612545013428	0.6568323373794556	2.7635269165039062	0.0	2.7770121097564697	0.7937670946121216	1.9234254360198975	0.5981403589248657	0.6156171560287476	2.3630290031433105	0.2681834101676941	2.1831321716308594	0.0	0.5558140873908997	1.4725592136383057	2.324599504470825	0.0	0.4824402630329132	2.0623326301574707	1.6822072267532349	1.6774041652679443	0.2504694163799286	2.726339817047119	2.007380962371826	1.3506717681884766	0.0
0.5365070700645447	1.1481389999389648	1.780895471572876	0.10593390464782715	2.6069211959838867	2.0069732666015625	2.399482011795044	0.4906090795993805	0.01945691555738449	4.305604934692383	0.0	0.12171528488397598	0.0	0.04866475611925125	3.8553037643432617	1.7176401615142822	0.0	0.012492620386183262	3.4166290760040283	0.51825350522995	1.0335773229599	0.0	0.5714992880821228	0.0	0.0	2.6173148155212402	1.2079415321350098	1.2048282623291016	1.1896376609802246	0.33167678117752075	1.2987561225891113	0.8654971718788147	1.5910284519195557	0.49014782905578613	0.0	0.2943963408470154	0.4495120346546173	0.1849779188632965	0.08222172409296036	0.1856815665960312	2.918470621109009	2.2133054733276367	0.0	2.4290964603424072	2.3403706550598145	1.4990414381027222	0.7618150115013123	2.2330541610717773	0.01843583583831787	0.0	0.13931652903556824	0.0998135581612587	0.3030366897583008	0.0	2.3070766925811768	1.0676475763320923	0.0	3.4444005489349365	1.4457899332046509	0.0	0.5736649632453918	0.12807239592075348	0.0	0.7691109776496887
0.41965898871421814	0.0	2.35542368888855	0.65915447473526	1.8539457321166992	1.5978363752365112	0.49539926648139954	1.3451755046844482	0.0	3.3971362113952637	0.4890565276145935	0.0056536379270255566	0.0	0.5266674757003784	1.1523350477218628	3.315432071685791	0.0	0.17468833923339844	3.7687394618988037	0.2149731069803238	0.9300970435142517	0.3902483880519867	1.6340599060058594	0.0	0.7681623697280884	2.290376901626587	0.1020515039563179	2.4614627361297607	0.5422766804695129	2.2939887046813965	1.3651211261749268	1.2198247909545898	2.3902084827423096	1.1901047229766846	0.0	0.7518404722213745	0.0	0.0	0.0	0.4573569893836975	3.6837408542633057	0.0	0.2685776352882385	1.2327715158462524	3.570523977279663	0.27862611413002014	0.583848237991333	2.3414111137390137	0.7762539386749268	0.36087584495544434	0.0	0.49668020009994507	0.0	0.0	2.1641361713409424	0.6317960023880005	0.0	1.0614429712295532	1.0003442764282227	0.7659554481506348	0.6839522123336792	0.8818984627723694	0.8338926434516907	0.0
0.0	0.24464663863182068	2.454698085784912	1.291297197341919	1.776829481124878	1.4421069622039795	0.7879409790039062	1.3744239807128906	0.0	0.9449280500411987	0.5872098803520203	0.0	0.0	0.6347065567970276	0.9477919936180115	2.584599256515503	0.0	0.22799205780029297	2.868180751800537	0.0	2.2327895164489746	0.9008684754371643	0.16388723254203796	0.0	1.4154261350631714	2.5043931007385254	0.7413155436515808	2.591066360473633	0.5446632504463196	3.120568037033081	2.2582457065582275	0.0	2.0659611225128174	2.195537567138672	0.0	0.9799367189407349	0.0	0.8229833245277405	0.0	2.2225661277770996	3.8598878383636475	0.32255929708480835	0.6316095590591431	0.44330742955207825	2.998732805252075	0.5842422246932983	0.09690627455711365	1.604182481765747	1.6082044839859009	1.841181993484497	0.05983463674783707	0.5446364879608154	0.0	0.5685081481933594	2.10849666595459	0.0	0.0	1.2923862934112549	0.019965702667832375	1.7678025960922241	0.4017350375652313	0.5791491866111755	1.6350382566452026	0.0
0.8862465620040894	1.743436336517334	1.3981971740722656	1.0261871814727783	0.5222586393356323	0.6377581357955933	1.657609224319458	0.8828569054603577	2.4293181896209717	0.3977038264274597	0.8445573449134827	0.6544867753982544	0.8261517286300659	1.4605870246887207	0.0	0.008313504979014397	2.7321877479553223	1.5300655364990234	0.5084869861602783	1.078817367553711	2.0290815830230713	1.0731134414672852	2.0201265811920166	1.7901580333709717	0.682613730430603	0.0	1.8092350959777832	0.0	1.3889350891113281	0.09291943907737732	0.028529047966003418	3.0129542350769043	0.11469582468271255	0.43223756551742554	0.0	1.7038358449935913	0.2831401824951172	1.6143027544021606	2.7597923278808594	0.7674350738525391	0.0	0.08430557698011398	2.7948219776153564	0.127375528216362	0.0	0.9604060053825378	1.9536857604980469	1.8201042413711548	0.0	1.9797720909118652	0.5363152623176575	1.0897910594940186	3.604623556137085	1.5010501146316528	0.0	0.7944048047065735	2.403977394104004	0.01307924184948206	0.9019448161125183	1.3098585605621338	1.0358710289001465	3.7590041160583496	1.0166445970535278	2.085142135620117
0.9874987602233887	1.046707272529602	1.5161222219467163	0.6860862374305725	1.1043246984481812	0.07814392447471619	1.8825827836990356	0.913399875164032	0.6753494739532471	0.6128970980644226	1.0977259874343872	0.5387730002403259	1.4827752113342285	0.03266693651676178	0.36064794659614563	1.3820769786834717	0.3057352900505066	0.5644069910049438	0.80092853307724	0.39436447620391846	0.3925517499446869	2.188924551010132	2.632645606994629	1.6201773881912231	2.9161553382873535	2.4286999702453613	0.0	0.0	1.5050387382507324	1.5229982137680054	1.3813444375991821	0.6212467551231384	0.0	0.927368700504303	1.7991060018539429	0.1462021917104721	1.2246131896972656	2.2380802631378174	0.037072617560625076	3.7460787296295166	0.9923030734062195	1.6582931280136108	0.1708678901195526	2.957601547241211	0.7919793128967285	1.8051331043243408	0.0	0.10670037567615509	2.5488383769989014	4.267547130584717	0.11505603045225143	0.22550508379936218	0.46245288848876953	1.3486838340759277	3.626160144805908	1.3682832717895508	0.0	0.0	0.6336787939071655	2.725389242172241	1.353161096572876	0.3530521094799042	0.08080095797777176	0.31950604915618896
0.0	0.46146634221076965	1.690563440322876	1.1772246360778809	0.0	1.193925142288208	0.0	1.3568860292434692	0.0	0.0	0.8996257781982422	0.0	0.46965470910072327	0.0	0.45571061968803406	2.6829280853271484	0.0	0.8066594004631042	1.670830249786377	0.0	1.9125818014144897	1.3650774955749512	0.0	0.8941614031791687	1.5439563989639282	3.051254987716675	0.41270023584365845	2.218906879425049	0.0	3.250685453414917	1.962561845779419	0.0	0.8600013256072998	1.7894295454025269	0.0	0.6396052837371826	0.0	0.624583899974823	0.15006765723228455	2.622504472732544	3.0963714122772217	0.0	0.6255862712860107	0.0	2.366504669189453	0.0	0.0	0.7359780073165894	2.3841118812561035	3.118140697479248	0.12395555526018143	0.45541098713874817	0.29441067576408386	0.6921958923339844	2.3491973876953125	0.0	0.0	0.701915979385376	0.0	2.6277034282684326	0.05025896430015564	0.739478588104248	1.3386238813400269	0.0
0.0	0.2274637371301651	2.5822808742523193	0.7299343347549438	1.6293280124664307	0.734853208065033	0.45339563488960266	1.6141278743743896	0.0	2.4116973876953125	0.8594111800193787	0.0	0.0	0.35496050119400024	0.36105579137802124	2.9819769859313965	0.0	0.01655765436589718	3.3287506103515625	0.25628572702407837	1.6300805807113647	0.6353293657302856	0.9300603270530701	0.0	0.9849234819412231	2.7853503227233887	0.28848010301589966	1.8368666172027588	1.4514282941818237	2.6186888217926025	1.0284230709075928	0.07664341479539871	2.2541306018829346	1.4900957345962524	0.0	1.0199118852615356	0.0	0.22521956264972687	0.0	1.3041969537734985	3.4586291313171387	0.2474624216556549	0.6825757026672363	2.187267303466797	3.5458109378814697	0.5885029435157776	0.0	1.2286200523376465	0.9963724613189697	0.31574690341949463	0.03582390397787094	0.47051867842674255	0.0	0.7462680339813232	2.0479753017425537	0.8436481952667236	0.1622529923915863	0.2825775742530823	0.31826215982437134	1.1549018621444702	0.8370682597160339	0.42119038105010986	1.4346381425857544	0.6417206525802612
1.5377874374389648	3.2274491786956787	0.8174397945404053	2.1998298168182373	0.02043526992201805	1.4968302249908447	0.0	0.18314716219902039	3.2745609283447266	0.9630293250083923	1.1035248041152954	2.218597888946533	0.8631465435028076	1.581634283065796	0.38887912034988403	0.6449095010757446	1.9019341468811035	1.6932493448257446	0.0	1.2299364805221558	0.5499972105026245	0.5317205190658569	1.7573210000991821	2.3951568603515625	0.631072998046875	3.1767194271087646	3.168044090270996	0.7094916701316833	1.1096378564834595	0.47757771611213684	0.01331738568842411	3.089198589324951	0.0	1.1878396272659302	1.2742900848388672	1.4665457010269165	0.0	2.082663059234619	2.199894428253174	1.4026479721069336	0.4568310081958771	0.6734723448753357	2.675656318664551	1.5408514738082886	0.0	0.4474579393863678	1.545920729637146	0.0	0.12911778688430786	2.1009018421173096	0.8280821442604065	2.394162893295288	1.8713278770446777	0.8329841494560242	0.8045586943626404	1.6684935092926025	1.677865743637085	2.5189614295959473	0.0	1.3820165395736694	0.1854204535484314	2.3089065551757812	0.749089777469635	2.2366483211517334
0.05322136729955673	0.0	2.1631197929382324	0.9927533268928528	0.544083833694458	1.4359415769577026	2.5948712825775146	1.8438384532928467	1.1428353786468506	0.2109770029783249	1.192484736442566	0.00862576998770237	1.2614355087280273	0.4213077127933502	0.0	2.324774980545044	3.331163167953491	0.48783692717552185	0.37951794266700745	0.14407166838645935	3.5648417472839355	0.795464038848877	2.7394089698791504	0.7103107571601868	1.3953845500946045	0.6186628341674805	1.9843482971191406	0.9924119114875793	2.5347578525543213	2.365818500518799	0.972008466720581	0.8749470114707947	0.43011778593063354	0.3917466104030609	0.0	1.481878399848938	0.14976099133491516	0.0	1.5639524459838867	2.519864797592163	2.860839605331421	0.0	3.4531447887420654	0.0	2.0554871559143066	0.0	0.005191443488001823	0.21225520968437195	0.7124126553535461	3.0873045921325684	0.0	0.9266513586044312	1.5185688734054565	2.28647518157959	0.0	0.0	1.3591506481170654	0.45989084243774414	0.6672372817993164	1.3561511039733887	1.5777781009674072	3.4118120670318604	1.4436428546905518	0.0
1.0899670124053955	0.6746172904968262	2.446906328201294	1.417266607284546	0.619486391544342	0.21167351305484772	3.0780298709869385	2.0179929733276367	0.6864103078842163	0.09108907729387283	0.4126095771789551	0.0	1.123276948928833	0.9457331299781799	0.49778416752815247	2.4780240058898926	3.950559377670288	0.3461606800556183	1.2833361625671387	0.0	2.95468807220459	0.582276463508606	3.0598859786987305	0.6891671419143677	1.8481439352035522	1.0095680952072144	0.4306042492389679	0.6732764840126038	2.873898983001709	1.8579312562942505	0.5277391672134399	1.1601970195770264	0.0	0.34942904114723206	0.0	1.87527596950531	0.32047581672668457	0.0	2.4102861881256104	0.9410772919654846	2.0542845726013184	0.40814408659935	3.7742762565612793	0.0	1.6910326480865479	0.7727090716362	0.9908135533332825	2.1014201641082764	0.48179659247398376	1.7454568147659302	0.13739943504333496	1.0588146448135376	2.486497640609741	1.6366063356399536	0.059523213654756546	0.0	2.219514846801758	0.032684698700904846	0.8832715153694153	0.18991902470588684	1.8336949348449707	2.756232261657715	0.8988243937492371	0.0
0.0	1.033473014831543	1.14407217502594	0.12255030125379562	0.08150748163461685	0.36374902725219727	2.807291030883789	0.4303991496562958	2.095827579498291	0.047653678804636	1.1980998516082764	0.0	1.6946603059768677	0.0	0.13796672224998474	1.4471282958984375	0.007954261265695095	0.9907432198524475	0.0	0.05315099656581879	0.5741264820098877	2.281494140625	2.359316110610962	2.0613157749176025	1.6306272745132446	0.6712285280227661	0.0	0.6754208207130432	1.0721968412399292	1.4560712575912476	1.420555830001831	2.5511035919189453	1.0744726657867432	0.0	2.322178840637207	0.1909143030643463	2.8444151878356934	1.7567925453186035	1.8140767812728882	3.1995127201080322	1.0985240936279297	2.6938183307647705	0.8726435303688049	3.2470686435699463	0.990286111831665	2.9423627853393555	0.0	0.0	2.7268755435943604	4.442800998687744	0.5581890940666199	0.18652506172657013	0.7074865102767944	1.138942003250122	1.6268327236175537	2.700256586074829	0.4085710942745209	0.30208542943000793	1.2534676790237427	2.5035359859466553	0.31611302495002747	1.1634851694107056	0.1774383783340454	0.9295847415924072
1.6630501747131348	3.639580249786377	0.1479509323835373	0.8037603497505188	0.0	1.4584097862243652	0.0	0.06971842050552368	3.2705793380737305	0.8814292550086975	1.3213262557983398	1.2823818922042847	0.9848043918609619	0.8734215497970581	0.7537903189659119	0.0	1.2310593128204346	1.8506261110305786	0.0	1.2930001020431519	0.0	0.3506626486778259	1.0546668767929077	2.3869712352752686	0.3072669804096222	1.880279779434204	3.3543357849121094	0.49715402722358704	0.5857759714126587	0.0	0.0	3.4824821949005127	0.1281069964170456	1.3066434860229492	0.63572096824646	2.0090529918670654	0.2672208547592163	1.1282565593719482	2.4373817443847656	1.850835919380188	0.0	1.5590540170669556	1.3698080778121948	0.13452734053134918	0.0	1.3043404817581177	1.9273515939712524	0.0	0.0	2.621609926223755	0.7753522396087646	1.8522969484329224	2.4703891277313232	0.4498567581176758	0.12384855002164841	1.6542390584945679	2.475470542907715	1.2515313625335693	0.14203479886054993	1.9507101774215698	0.16035990417003632	3.2098987102508545	0.973751962184906	2.366431474685669
1.0675536394119263	0.0	2.5353968143463135	0.054060108959674835	1.8931682109832764	2.592853546142578	0.9886194467544556	0.9791260361671448	0.0	4.424149513244629	0.14838501811027527	1.0684980154037476	0.0	0.369274377822876	3.079118490219116	2.9498181343078613	0.0	0.0	3.2704172134399414	0.0	0.6658200621604919	0.0	1.6800012588500977	0.0	0.4695200026035309	1.874824047088623	0.6677133440971375	1.2767317295074463	1.1692204475402832	1.4421377182006836	1.2869118452072144	0.5562950968742371	2.395331382751465	1.023437738418579	0.16827934980392456	0.9408695697784424	0.0	0.0	0.005040056072175503	0.01793333888053894	3.7671566009521484	0.9557846188545227	0.25176113843917847	1.614417552947998	3.765531301498413	0.8834245204925537	0.17428329586982727	1.5292562246322632	0.33822476863861084	0.0	0.0	0.0	0.0	0.0	1.3434674739837646	0.7012147903442383	0.0	3.889382839202881	1.5158506631851196	0.0938342809677124	2.0380704402923584	1.0627652406692505	0.8212483525276184	0.5648508071899414
0.6193895936012268	0.0	2.408229351043701	1.3839800357818604	0.9473291039466858	0.0	2.83661150932312	1.8912231922149658	0.27665820717811584	0.0	0.2038552612066269	0.0	1.3137999773025513	0.9698956608772278	0.0	2.313180685043335	3.5089011192321777	0.1264067441225052	0.9030238389968872	0.05756811052560806	2.8027775287628174	1.0334162712097168	3.268645763397217	0.44930365681648254	1.6873637437820435	0.783351480960846	0.0	0.0	2.926513433456421	1.8886674642562866	0.386042058467865	1.4530041217803955	0.0	0.04573022201657295	0.0	1.6545685529708862	0.41300642490386963	0.0	1.881932020187378	1.1590386629104614	1.7515320777893066	0.0	3.221144199371338	0.0	1.6425349712371826	1.169210433959961	0.9169246554374695	2.064216136932373	0.7583317756652832	1.061084270477295	0.19340208172798157	1.1889175176620483	1.957544207572937	1.427240014076233	0.0	0.31575700640678406	2.3774471282958984	0.0	1.215943455696106	0.01692279241979122	2.11216402053833	1.9247649908065796	0.8403967618942261	0.0
1.2990421056747437	0.0	2.724496364593506	0.0	1.8063167333602905	1.9079551696777344	1.4005343914031982	0.64517742395401	0.0	3.8884174823760986	0.0	1.0947388410568237	0.0	0.3608478903770447	3.263089418411255	2.450814962387085	0.0	0.0	3.098015069961548	0.21881024539470673	0.22824883460998535	0.2223760336637497	2.540189266204834	0.0	0.20531615614891052	0.17447984218597412	0.1574452817440033	0.5561028718948364	1.618159532546997	0.8590258359909058	0.7860653400421143	0.5035273432731628	2.091101884841919	0.0	0.4386589825153351	0.7226014137268066	0.0	0.0	0.0	0.052854590117931366	2.5186381340026855	1.0649034976959229	0.0	1.8511072397232056	3.4368069171905518	1.1340270042419434	0.466452419757843	2.427558660507202	0.0	0.0	0.0	0.0	0.0	0.0	1.0956315994262695	0.8638700842857361	0.0	3.6888585090637207	1.8440107107162476	0.0	2.6870646476745605	0.4523583650588989	1.203869104385376	0.3132037818431854
0.8666698336601257	0.0	2.894836902618408	0.6674753427505493	2.038882255554199	2.494384288787842	2.871320962905884	1.0145490169525146	0.0	3.811556577682495	0.17382757365703583	1.1058422327041626	0.0	0.05315263941884041	3.865992307662964	2.3717434406280518	0.5990138649940491	0.0	3.3340189456939697	0.08598190546035767	0.6836652755737305	0.6191195249557495	2.327944755554199	0.0	0.8889654874801636	0.8148022294044495	0.9053420424461365	0.6580836772918701	1.5819004774093628	0.7933538556098938	1.302355408668518	1.4615052938461304	2.949666738510132	0.676302969455719	0.3336438238620758	0.9080533385276794	0.7125097513198853	0.0	0.04782043769955635	0.0	2.9792051315307617	1.6850298643112183	0.42568203806877136	2.629134178161621	3.56174635887146	1.8114073276519775	1.291742205619812	2.7170581817626953	0.0	0.0	0.0	0.0	0.5473899841308594	0.0	1.6434186697006226	1.355717420578003	0.3513782024383545	3.9964678287506104	2.15484356880188	0.0	1.851285457611084	0.1381227970123291	0.2729354202747345	0.26743853092193604
2.155226707458496	4.001740455627441	1.244015097618103	1.2744406461715698	1.0105358362197876	1.439353108406067	1.0245659351348877	0.8110496401786804	2.8940200805664062	2.4671788215637207	1.2591689825057983	1.7671058177947998	0.7160576581954956	2.027009963989258	1.0581094026565552	0.138775035738945	0.4699772894382477	0.6389887928962708	2.4572527408599854	0.9700561761856079	0.5607343316078186	0.3950423002243042	2.194098472595215	1.5807992219924927	1.8345495462417603	3.8647689819335938	1.7389293909072876	0.0	2.1898083686828613	0.5515878796577454	0.6059668660163879	2.1909329891204834	0.21455779671669006	1.2473671436309814	1.8760051727294922	1.4884577989578247	0.45867377519607544	2.2272956371307373	1.1080666780471802	3.139812707901001	0.14963729679584503	2.8015856742858887	0.9744628071784973	5.194952011108398	0.7510725855827332	0.9499679803848267	1.0779246091842651	0.8117996454238892	0.6275467276573181	3.3197970390319824	0.3057915270328522	1.1269950866699219	2.417937755584717	1.0098726749420166	2.552959442138672	3.208313465118408	1.9888819456100464	1.8383991718292236	0.8016922473907471	3.367462635040283	0.0	1.6326780319213867	0.8749775290489197	2.042243003845215
0.32659682631492615	0.16570943593978882	1.9289227724075317	0.8538004159927368	0.7004691362380981	2.2544617652893066	0.0	1.4641399383544922	0.0	0.06582093983888626	1.032418966293335	0.11338087916374207	0.0	0.14117000997066498	0.18699434399604797	2.877735137939453	0.0	1.0822334289550781	2.486395835876465	0.0	1.2289543151855469	0.829827070236206	0.28387632966041565	0.18710185587406158	1.1433604955673218	3.778409957885742	0.44368046522140503	3.394558906555176	0.09013544768095016	3.12394380569458	1.446489930152893	0.6165874600410461	1.251611590385437	1.8418128490447998	0.0	0.6310845613479614	0.0	0.521790087223053	0.5671831369400024	1.7491270303726196	3.4452621936798096	0.0	0.6342942118644714	0.0	2.9568002223968506	0.0	0.0	1.3229354619979858	1.7654521465301514	2.025447130203247	0.1268308311700821	0.7361698150634766	0.0	0.15660835802555084	2.1558473110198975	0.0	0.0	0.2907542288303375	0.0	1.8708195686340332	0.2394913285970688	0.7873424291610718	1.489585280418396	0.0
3.6544411182403564	4.314774513244629	1.121759295463562	0.6399681568145752	0.659709095954895	0.6113995313644409	0.0	0.8937360048294067	3.2687253952026367	2.5313069820404053	1.3908323049545288	2.1514394283294678	0.43945369124412537	1.8134779930114746	0.846251368522644	1.2529432773590088	1.0002070665359497	0.5359551906585693	1.6167271137237549	0.9991431832313538	0.5956716537475586	0.979224443435669	2.531360626220703	1.3862102031707764	1.5148824453353882	4.234914779663086	1.7010799646377563	0.0	1.663325309753418	0.2225959450006485	0.4288610517978668	3.3539674282073975	0.6152553558349609	1.128577709197998	1.8361812829971313	1.689204216003418	0.11789301782846451	1.8306262493133545	1.4954254627227783	3.149418592453003	0.0	3.6265273094177246	1.6657880544662476	4.018853664398193	0.29962578415870667	1.977161169052124	0.7566644549369812	0.019361058250069618	0.2035907804965973	2.8670811653137207	0.5025151371955872	1.5563063621520996	2.383469343185425	1.9444894790649414	1.9424911737442017	3.003872871398926	2.1972310543060303	0.9045011401176453	1.0850138664245605	2.4943432807922363	0.8664519190788269	2.798593044281006	0.36664676666259766	2.4335808753967285
0.526602566242218	0.04412108659744263	0.6679260730743408	1.6954982280731201	0.0	1.8711479902267456	0.0	0.21709491312503815	0.8993255496025085	0.0	1.293128252029419	1.2869502305984497	1.5011731386184692	0.0	0.0	2.2589004039764404	0.1550516039133072	1.340382695198059	0.0	0.0	0.0	1.2993807792663574	0.0	2.9285154342651367	1.1160855293273926	0.3689115345478058	0.7152953743934631	0.7141234278678894	0.04531759023666382	2.069835662841797	0.9934272170066833	2.262115001678467	0.3242233395576477	1.7748314142227173	0.21380086243152618	0.2729811668395996	0.1665741503238678	1.155806541442871	1.4473891258239746	2.261906623840332	1.8585799932479858	0.0	0.0	0.10753032565116882	0.523111879825592	0.0	0.01780972257256508	0.4607948064804077	1.2576322555541992	1.9677691459655762	0.34228983521461487	0.15984737873077393	0.0	0.045922089368104935	0.2999540865421295	0.9654117822647095	0.0	2.4018666744232178	1.0216728448867798	2.2292633056640625	1.489119529724121	2.5241382122039795	2.581000566482544	0.0
1.2155548334121704	0.0	2.4912195205688477	0.2384549379348755	2.0811779499053955	2.732788324356079	1.6314343214035034	0.32221582531929016	0.0	4.157135963439941	0.08573512732982635	1.2752901315689087	0.0	0.0	3.339895486831665	2.4313039779663086	0.0	0.16359524428844452	3.596867799758911	0.1316515952348709	0.0	0.11220885813236237	1.5617210865020752	0.02885451726615429	0.32254886627197266	1.9991538524627686	0.1264299601316452	0.8731012940406799	0.6625630259513855	0.8948606848716736	1.1490478515625	1.3452813625335693	2.806894063949585	0.6183310151100159	0.2222057431936264	0.986909806728363	0.0	0.3336445987224579	0.0	0.0	3.1414952278137207	1.35859215259552	0.0	2.391787528991699	3.6749930381774902	1.1133626699447632	0.8454658389091492	2.063936233520508	0.0	0.0	0.0	0.0	0.0	0.0	1.388967514038086	1.7486634254455566	0.0	4.246292591094971	1.772231936454773	0.0	1.7429924011230469	0.0	0.4022839069366455	0.019709723070263863
0.9955163598060608	0.0	1.7119436264038086	0.3944868743419647	0.0	0.32449251413345337	2.4582273960113525	0.6473717093467712	1.855262279510498	0.2096565067768097	1.0904241800308228	1.0195188522338867	1.7549831867218018	0.0	0.17098012566566467	1.1785175800323486	0.6336214542388916	0.8183102607727051	0.0	0.22636933624744415	0.0	2.3528940677642822	2.429203748703003	1.874638319015503	2.8493573665618896	2.4295125007629395	0.0	0.11183752119541168	1.6886729001998901	1.2814124822616577	1.166775107383728	1.9679023027420044	0.0	0.0	2.6097018718719482	0.0	2.3017027378082275	1.6747673749923706	0.9911025762557983	3.4787580966949463	0.32782769203186035	2.087033271789551	0.0	3.134486675262451	0.6667958498001099	1.6178215742111206	0.0	0.0327533520758152	2.4308130741119385	3.9305667877197266	0.0026378645561635494	0.0	0.049953676760196686	1.2476012706756592	2.4684276580810547	1.5940958261489868	0.0	0.0	0.8321711421012878	2.5387537479400635	1.7143654823303223	0.5245969891548157	0.38468483090400696	0.3016027808189392
3.272799491882324	3.2349586486816406	0.94910728931427	1.9391504526138306	0.0	0.0	0.0	1.2192845344543457	1.7327654361724854	1.6922601461410522	0.9491733312606812	2.879781484603882	0.5766921043395996	2.4613044261932373	0.5084228515625	0.20576956868171692	0.4918510317802429	0.024766137823462486	0.5831067562103271	1.8875479698181152	0.8847349882125854	0.7764438390731812	2.2875287532806396	2.1689493656158447	1.7794638872146606	3.9702041149139404	1.1375744342803955	0.0	1.802011489868164	0.27275121212005615	0.8173515200614929	1.681693434715271	0.0	1.218302607536316	1.954124093055725	1.9346729516983032	0.0	1.9280714988708496	0.8953975439071655	2.10931134223938	0.0	2.037203073501587	0.8826175332069397	3.062702178955078	0.5127630829811096	0.1427987664937973	0.6276133060455322	0.0	0.0	2.8757786750793457	0.4398850202560425	1.8568949699401855	2.0114221572875977	1.9585720300674438	2.3977279663085938	0.8237550854682922	1.0940407514572144	0.3584786057472229	0.0	1.5322370529174805	0.7616136074066162	2.46826171875	0.8516435027122498	1.6746143102645874
0.0	0.44216713309288025	1.6764333248138428	1.261254906654358	0.8711702823638916	2.0077168941497803	0.0	1.7503893375396729	0.0	0.567115306854248	0.9324908256530762	0.0	0.0367337241768837	0.13450396060943604	0.5199029445648193	2.5903594493865967	0.0	0.611262321472168	2.6466403007507324	0.0	1.7529096603393555	1.1001317501068115	0.2537342309951782	0.12993858754634857	1.361272931098938	2.6529252529144287	1.202731966972351	2.354785203933716	0.3439101278781891	3.4091241359710693	1.7060694694519043	0.0	1.5304640531539917	2.244577646255493	0.0	0.7701871395111084	0.23694515228271484	0.8046870827674866	0.0	2.179037570953369	3.8698854446411133	0.0	0.7562711834907532	0.0	2.6833150386810303	0.0	0.0	0.6725461483001709	1.7976970672607422	2.130147933959961	0.19504830241203308	0.5645700693130493	0.0	0.484950989484787	1.365996241569519	0.0	0.0	1.270142912864685	0.0	2.0724751949310303	0.0	1.186018943786621	1.1287049055099487	0.0
0.0	0.4459031820297241	2.08616042137146	1.2719190120697021	0.9136006236076355	1.7869253158569336	0.3445775508880615	1.3113210201263428	0.0	0.8626905679702759	0.7943381667137146	0.0	0.0	0.04086167365312576	0.8892408609390259	2.493835687637329	0.0	0.4237626791000366	2.859729051589966	0.0	1.3750996589660645	0.9807595014572144	0.0	0.0	1.1648868322372437	2.9034459590911865	0.6696338653564453	2.1344966888427734	0.044671718031167984	3.314131736755371	1.4883862733840942	0.0	1.2507230043411255	2.0394985675811768	0.0	0.9178762435913086	0.029041370376944542	0.7738340497016907	0.0	1.7710672616958618	3.768080234527588	0.09014792740345001	0.6678921580314636	0.0	3.043132781982422	0.0	0.18397997319698334	1.0052859783172607	1.7012685537338257	1.8457235097885132	0.06822555512189865	0.39976152777671814	0.0	0.05967961251735687	1.800345778465271	0.0	0.47027388215065	1.04727041721344	0.0	2.197265863418579	0.0	0.15084201097488403	0.7637827396392822	0.0
0.0	0.8202436566352844	1.3964585065841675	0.0	0.7476449012756348	0.0	2.5701985359191895	0.3763011395931244	2.350557804107666	0.7428169846534729	0.7998767495155334	0.0	1.4883836507797241	0.1906222403049469	0.03930630907416344	1.1614710092544556	0.1630271077156067	0.6553316712379456	0.7061101198196411	0.37326136231422424	0.1836705058813095	2.019085645675659	2.523500680923462	1.814067006111145	2.1037232875823975	1.1031841039657593	0.0	0.33975186944007874	1.7328662872314453	0.9596806168556213	1.615999698638916	2.5734429359436035	0.2678293287754059	0.0	2.3725383281707764	0.0	2.726452589035034	2.0002002716064453	0.8081954717636108	3.8371822834014893	0.07760699093341827	2.642787218093872	0.0	4.639866352081299	0.49015581607818604	2.5094475746154785	0.0	0.0	2.4825973510742188	3.964510917663574	0.0	0.0	1.1045324802398682	1.6755486726760864	2.315476894378662	2.1512374877929688	0.09045416861772537	0.0	1.0067111253738403	2.697404384613037	0.6101024746894836	0.6739823818206787	0.3305375277996063	0.20633698999881744
3.916457176208496	3.2420341968536377	0.1241573691368103	1.3868818283081055	0.0	1.296119213104248	0.0	0.2523076832294464	1.9045981168746948	2.8099846839904785	1.422780990600586	4.365647315979004	0.8088856339454651	2.429476261138916	1.4317585229873657	0.7663015127182007	0.0	0.1442592591047287	0.0	1.8698984384536743	0.0	0.11516998708248138	0.5276364088058472	2.3873627185821533	1.2445327043533325	3.333045721054077	1.9996685981750488	0.0	1.027754783630371	0.0	0.5297576189041138	1.44389808177948	0.2724679708480835	1.5970675945281982	2.4198498725891113	1.4451030492782593	0.6459272503852844	2.2821285724639893	0.6859269738197327	1.0980104207992554	0.07876269519329071	2.0117745399475098	0.6358631253242493	2.8500449657440186	0.0	0.6102500557899475	0.3990079164505005	0.0	0.4024149775505066	1.789984941482544	0.5655053853988647	1.7611005306243896	0.5580352544784546	0.5330975651741028	2.2997918128967285	2.41447114944458	1.1513911485671997	2.541924476623535	0.5311784744262695	1.145987629890442	0.8574504852294922	1.8965675830841064	0.4254860281944275	2.1943812370300293
0.32057294249534607	0.2063639909029007	1.851418137550354	0.03836764767765999	0.5331400632858276	0.09144291281700134	2.690319061279297	0.3739994764328003	1.4484813213348389	0.7753002047538757	0.498186856508255	0.10329895466566086	1.32127046585083	0.0	0.3792094886302948	0.7857329249382019	0.07627478241920471	0.5975872278213501	0.2522452771663666	0.2782592177391052	0.0	1.5720372200012207	2.7213311195373535	2.051815986633301	1.7950197458267212	1.3922120332717896	0.0	0.0	1.3618409633636475	0.2749654948711395	0.7925346493721008	1.3126622438430786	0.11263150721788406	0.0	2.6959238052368164	0.0	2.101382255554199	1.313975214958191	0.6086977124214172	3.6565396785736084	0.0	1.8500275611877441	0.0	3.8553173542022705	0.21049396693706512	2.0727932453155518	0.0	0.06739527732133865	2.1272757053375244	3.761415958404541	0.03801071271300316	0.0	0.6883070468902588	1.3880075216293335	3.126469612121582	2.0316739082336426	0.0	0.0	0.8896610140800476	2.4163851737976074	0.7380218505859375	0.1353803128004074	0.0	0.21064406633377075
2.7612709999084473	4.268989086151123	0.0	2.0292928218841553	0.0	1.5014538764953613	0.0	0.0	2.8464744091033936	0.9918972253799438	1.1152373552322388	2.699471950531006	0.646482527256012	1.1237553358078003	1.093335747718811	0.5472891926765442	1.688570261001587	1.9906975030899048	0.0	1.0201879739761353	0.1131906807422638	0.09824959933757782	0.0	2.4515156745910645	0.0	2.3778469562530518	2.60494065284729	0.9572519063949585	0.1681915521621704	0.06444844603538513	0.0	2.327064037322998	0.0	1.9408481121063232	0.284682959318161	2.336516857147217	0.5666866302490234	1.4054559469223022	2.4747774600982666	1.4073748588562012	1.168766975402832	1.4404830932617188	2.378319263458252	0.0	0.0	0.06805748492479324	1.8121604919433594	0.0	0.5784974098205566	1.7385185956954956	0.6024584770202637	2.8715193271636963	0.7994468808174133	0.10375670343637466	0.0	0.0	2.346303701400757	1.9032902717590332	0.0	1.2683792114257812	0.0	2.2976186275482178	0.025389330461621284	2.5018701553344727
0.10428112745285034	0.0	2.757493495941162	1.040725827217102	1.7738234996795654	0.5913584232330322	0.6450939178466797	1.3055990934371948	0.0	3.4937453269958496	0.17985011637210846	0.0	0.0	0.03434658423066139	1.238566517829895	2.685530662536621	0.0	0.0	3.9747061729431152	0.434478759765625	0.7430622577667236	0.4322839677333832	1.8004165887832642	0.0	0.9593092799186707	1.6466296911239624	0.0	1.0285617113113403	1.470929503440857	1.90176522731781	0.6661608219146729	0.47010546922683716	1.649543046951294	1.0048433542251587	0.0	1.1823997497558594	0.0	0.0	0.13958732783794403	0.6909778118133545	3.3006577491760254	0.919618546962738	0.31600168347358704	2.0814881324768066	3.50319242477417	1.2416876554489136	0.7109243273735046	2.4071946144104004	0.6221646070480347	0.31828901171684265	0.0	0.1706826090812683	0.0	0.2264707088470459	2.2196099758148193	1.0896317958831787	0.0	0.8962442874908447	1.2830917835235596	0.4902532994747162	1.1731483936309814	0.0	1.1531753540039062	0.0
0.6775204539299011	0.0	2.481231689453125	0.0	1.0880982875823975	0.7115604877471924	0.023027164861559868	0.9244140386581421	0.0	2.552131175994873	0.0	1.18208646774292	0.21990430355072021	0.9248411059379578	1.2780808210372925	2.656597852706909	0.0	0.0	1.8061113357543945	0.0	0.06423638015985489	0.41056597232818604	3.145447015762329	0.0	0.6062754988670349	0.0	0.0	0.0	1.9089410305023193	0.4650362730026245	0.0	0.0	0.6626635193824768	0.0	0.0	1.132239580154419	0.0	0.0	0.0	0.0	1.7762821912765503	0.3455071449279785	0.0	0.12467760592699051	3.2729790210723877	0.10338587313890457	0.0	1.063180923461914	0.0	0.0	0.0	0.0	0.41251707077026367	0.684333324432373	0.9053866863250732	0.0	0.11192895472049713	1.4374465942382812	0.5050526261329651	0.0	2.5172338485717773	0.0	1.9064570665359497	0.0
0.0	0.0	1.9989211559295654	0.7493805885314941	0.7719873785972595	0.8928804397583008	3.213289976119995	1.5035921335220337	1.1496901512145996	0.0	0.2140873670578003	0.034484364092350006	1.2908809185028076	0.7023256421089172	0.06181034445762634	1.6779831647872925	3.5665953159332275	1.0613605976104736	0.7817173004150391	0.8515445590019226	2.7374894618988037	0.6564956307411194	3.553691864013672	1.3940025568008423	0.7220590114593506	0.0	1.54098379611969	0.31433477997779846	2.6056110858917236	1.1902354955673218	0.48911911249160767	2.6623611450195312	0.04298615828156471	0.0	0.0	0.6168287992477417	0.9551973342895508	0.0	2.603544235229492	1.0150635242462158	0.8916884064674377	0.0	3.6032462120056152	0.0	0.6731809377670288	1.1510032415390015	1.7674471139907837	2.0687570571899414	0.0	1.8194366693496704	0.09953829646110535	0.5221682190895081	3.2539384365081787	1.4050732851028442	0.0	0.3707306683063507	1.912872076034546	1.1370881795883179	1.4277303218841553	1.0962404012680054	2.0422279834747314	2.7862913608551025	1.1172809600830078	0.0
0.5095673203468323	0.0	2.76994252204895	0.8073501586914062	2.1543078422546387	2.2276077270507812	2.3156113624572754	0.7785081267356873	0.0	3.7879931926727295	0.25558459758758545	0.3934825658798218	0.0	0.13192787766456604	3.1194615364074707	2.6771225929260254	0.0	0.0	3.8131988048553467	0.12286452203989029	0.7368379831314087	0.29043325781822205	1.448460578918457	0.0	0.9125632643699646	1.1969588994979858	0.459223210811615	0.6854745149612427	1.620686411857605	1.1867444515228271	0.8402503728866577	1.332084059715271	1.9531669616699219	0.7614510655403137	0.3736437261104584	1.1868356466293335	0.0	0.12661457061767578	0.0	0.3604988157749176	3.468090534210205	1.4877972602844238	0.45277461409568787	2.5584473609924316	3.489675998687744	1.3924270868301392	1.286797046661377	3.0544912815093994	0.25603413581848145	0.24875280261039734	0.0	0.07566194236278534	0.6283884048461914	0.0	1.8498777151107788	1.1441012620925903	0.0	3.3183815479278564	1.9357208013534546	0.0	1.6522393226623535	0.8649849891662598	1.1751759052276611	0.3629276156425476
0.0	0.631241500377655	1.72360098361969	1.3894104957580566	0.2170664221048355	2.305546998977661	0.09677586704492569	1.2880295515060425	0.10750476270914078	0.26242315769195557	1.3986209630966187	0.0	0.13438063859939575	0.25423383712768555	0.5934165120124817	2.282766580581665	0.30364811420440674	0.6322229504585266	2.941127061843872	0.08841300010681152	1.4706757068634033	1.2208337783813477	0.0	0.0	1.5202174186706543	2.628929853439331	1.306125283241272	2.2299795150756836	0.09187217056751251	3.1952757835388184	1.5974533557891846	0.0	1.343658685684204	2.079697608947754	0.0	0.8970775008201599	0.21290719509124756	1.0830165147781372	0.0	2.232487678527832	3.895397424697876	0.43835753202438354	0.6405573487281799	0.09912095963954926	2.6956124305725098	0.0	0.0	1.461993932723999	2.2121529579162598	3.1776647567749023	0.18046611547470093	0.4600611627101898	0.0	0.15282341837882996	1.9685744047164917	0.0	0.0	1.5772407054901123	0.0	2.137263774871826	0.0	0.5580180287361145	1.1952857971191406	0.1724686175584793
2.470754384994507	3.9977753162384033	0.7807204723358154	2.6467645168304443	0.17121843993663788	0.5235477685928345	1.944250226020813	1.1995402574539185	0.5749692916870117	0.8670442700386047	0.5429902076721191	1.5468521118164062	0.04511069878935814	3.24389386177063	0.44873225688934326	0.6187254786491394	2.227696180343628	0.12871679663658142	1.4306936264038086	0.6959763169288635	3.589792013168335	0.8187884092330933	0.9285057187080383	0.99869304895401	1.5278372764587402	3.291454792022705	2.0915331840515137	1.5449621677398682	1.1335562467575073	0.34170079231262207	0.6884673833847046	0.7295017242431641	0.0	1.841610074043274	0.363869309425354	2.5456125736236572	0.0	1.0799589157104492	0.809677004814148	0.9232750535011292	0.7899543642997742	1.4308204650878906	3.229414463043213	0.49131062626838684	0.39210814237594604	0.0	0.4102039337158203	1.092454433441162	0.7209888100624084	1.1751930713653564	0.48855558037757874	2.2233495712280273	1.371529221534729	0.8348369002342224	1.1675342321395874	0.0	2.115462303161621	0.8549946546554565	0.5086349844932556	0.381064772605896	0.0	1.5144654512405396	0.9548794627189636	2.1473886966705322
0.0	0.6616522073745728	1.9505531787872314	1.272420883178711	0.22795547544956207	1.1584572792053223	0.0	1.623742938041687	0.0	0.9852235317230225	1.012868046760559	0.0	0.1955636888742447	0.45290061831474304	0.0	2.709785223007202	0.0	0.45692703127861023	2.3438618183135986	0.0	2.190009117126465	1.3263200521469116	0.12092769145965576	0.3436101973056793	1.61465585231781	2.1193249225616455	0.6397626996040344	1.6992043256759644	0.4003087878227234	3.413687229156494	1.6230111122131348	0.0	0.9546979069709778	2.144005060195923	0.0	1.1967380046844482	0.0	0.21574169397354126	0.0	3.09875226020813	3.1225876808166504	0.0	0.8610450625419617	0.0	2.3850884437561035	0.0	0.0	0.904071569442749	2.107278347015381	2.560452938079834	0.2115854024887085	0.5967100262641907	0.18865862488746643	0.6541266441345215	2.0024914741516113	0.0	0.0	0.28983691334724426	0.0	2.8163323402404785	0.0	0.7530633807182312	1.3593690395355225	0.013584805652499199
