0.0	4.585836410522461	0.4452531337738037	1.7932658195495605	0.8343430161476135	2.7247815132141113	1.240918517112732	0.0	2.9118826389312744	0.60933917760849	2.1152310371398926	1.038230061531067	0.0	0.45679011940956116	4.336185455322266	0.0	2.838480234146118	2.966160774230957	0.41510456800460815	0.772769570350647	1.1556280851364136	0.2597140371799469	0.0	1.080586314201355	0.0	1.6479876041412354	1.2158268690109253	2.788247585296631	0.8257728815078735	0.8014098405838013	0.7255150079727173	0.2734742760658264	0.7132606506347656	1.5039646625518799	0.638211190700531	2.3692567348480225	0.5697811245918274	0.6553648710250854	3.7016429901123047	0.5068945288658142	2.36959171295166	0.614223062992096	3.8115155696868896	0.346208781003952	0.0	0.18652181327342987	2.4716908931732178	0.0	4.451432704925537	0.8572312593460083	1.5279247760772705	1.5255446434020996	1.4764307737350464	0.0	1.3522274494171143	0.11791210621595383	1.0575450658798218	2.0915615558624268	0.4194055497646332	3.0575199127197266	0.0	1.0010653734207153	0.8503144979476929	1.1055985689163208
0.283387154340744	1.0221058130264282	2.610152244567871	2.641225814819336	2.1933844089508057	0.9165413975715637	0.0	0.90628582239151	0.19137103855609894	2.2083561420440674	0.0	0.33486074209213257	0.0	0.14458630979061127	0.9228525757789612	2.5934720039367676	1.510035514831543	1.3155182600021362	2.087268114089966	0.0	1.072348952293396	2.138540506362915	0.0	0.9467944502830505	2.197702646255493	1.8832370042800903	1.3054717779159546	3.0646896362304688	0.15858925879001617	3.3411686420440674	2.191103935241699	0.921539306640625	2.0778982639312744	2.4791452884674072	0.0	1.4574942588806152	1.472324013710022	2.001631021499634	0.9006094932556152	1.7528948783874512	4.172729015350342	0.042248960584402084	1.1169273853302002	0.21540215611457825	1.9485112428665161	0.12818321585655212	0.20619316399097443	1.160355567932129	4.333580017089844	2.559370517730713	0.858551561832428	0.6467000842094421	0.44542041420936584	2.11714243888855	2.1438639163970947	0.1138399988412857	0.7424779534339905	0.20236079394817352	0.5536908507347107	0.22005754709243774	0.0	2.0735015869140625	1.3734078407287598	0.0
0.0	0.29792144894599915	2.0002589225769043	0.8136303424835205	0.0	0.0	2.7355690002441406	2.884460210800171	2.714597702026367	0.0	0.014325817115604877	0.0	0.17069809138774872	0.14353814721107483	0.2236422449350357	0.5225398540496826	0.9921796917915344	0.7631084322929382	0.0	0.9955601096153259	0.0	1.698960542678833	1.1085500717163086	1.7389882802963257	1.6724094152450562	0.0	0.0	0.0	1.340641736984253	1.1364449262619019	1.7963470220565796	2.362724542617798	0.42666685581207275	0.0	2.079653024673462	0.19712786376476288	1.6426074504852295	2.686729907989502	0.8759777545928955	2.521226167678833	0.0	1.0407296419143677	0.23048613965511322	2.4210989475250244	0.1818905919790268	2.410435676574707	0.012331260368227959	0.6404780149459839	4.040899753570557	4.582762718200684	1.3184211254119873	0.08660110086202621	0.0	1.755719542503357	2.0847370624542236	1.284242868423462	0.32324618101119995	0.0	0.24177272617816925	2.1843316555023193	1.1937572956085205	0.1856382042169571	0.0	0.0
1.6627565622329712	0.0	1.5584415197372437	0.02650957927107811	3.004974365234375	2.211801528930664	3.0181143283843994	1.2071069478988647	0.29251930117607117	3.3322815895080566	0.4185265004634857	1.5696860551834106	1.3148186206817627	0.0	1.9858472347259521	0.8874133229255676	1.651341438293457	0.0	2.1032164096832275	0.03529904782772064	0.0	0.0	3.5616724491119385	0.4654521346092224	0.035043977200984955	0.684085488319397	0.0	0.48492640256881714	1.6074367761611938	0.0	0.7565968036651611	0.6739060282707214	0.8801511526107788	0.08775098621845245	0.0	2.72379469871521	0.046156492084264755	0.0	0.0	0.17546358704566956	1.4952828884124756	1.2560824155807495	0.1019701138138771	3.588196039199829	1.8250150680541992	0.8141525983810425	0.6700294017791748	1.1241446733474731	0.0	0.0	0.0	0.8061076998710632	1.1385024785995483	1.4750418663024902	1.044382095336914	2.313248872756958	1.2054433822631836	2.3130695819854736	1.8704502582550049	0.0	2.3514487743377686	0.0	0.0	0.0
0.6942508220672607	0.9515284299850464	2.956613779067993	0.8514912724494934	2.2037317752838135	0.3573527932167053	0.0	0.7870750427246094	0.0	1.639366865158081	0.0	0.12881900370121002	0.0017399325734004378	0.39811357855796814	2.2591724395751953	3.597271203994751	0.79180508852005	0.5890356302261353	2.0851242542266846	0.04265453666448593	1.817678689956665	2.0641627311706543	1.628860354423523	0.4848029315471649	0.34424397349357605	1.617584228515625	1.5790202617645264	3.103714942932129	0.8029179573059082	2.1010501384735107	2.1865158081054688	0.2167970836162567	2.386124610900879	3.922334909439087	0.0	1.4319814443588257	1.819049596786499	1.5432400703430176	0.1998625248670578	1.3424221277236938	3.816950559616089	0.40188443660736084	1.2763597965240479	0.3634447455406189	3.3205480575561523	0.0	0.6547772884368896	0.23085589706897736	2.6928911209106445	2.083866834640503	0.33257803320884705	0.7398210763931274	0.0	1.8138295412063599	2.2653002738952637	0.5587500929832458	0.0	1.4138063192367554	0.26160475611686707	0.44172292947769165	0.9611806869506836	1.2858556509017944	1.8132803440093994	0.0
0.0	0.9108638167381287	2.9537415504455566	1.8353736400604248	2.592341184616089	0.07155842334032059	0.0	0.32299429178237915	0.07004471868276596	2.201369047164917	0.0	0.10527104884386063	0.03976604714989662	0.0	0.22553683817386627	3.457563877105713	1.4187358617782593	1.1410391330718994	2.373816728591919	0.0	1.0241491794586182	2.384293556213379	0.2830117344856262	0.15574483573436737	1.5303853750228882	2.4797580242156982	1.2589523792266846	3.2827279567718506	0.349124014377594	2.9429914951324463	1.9237902164459229	0.0	2.08048152923584	3.6082303524017334	0.0	1.8762158155441284	1.6425458192825317	2.3055899143218994	0.020077461376786232	0.9558317065238953	4.254871368408203	0.14402951300144196	1.1604000329971313	0.08882235735654831	3.047468423843384	0.07173879444599152	0.07091929763555527	0.4077277183532715	3.0036911964416504	1.6077508926391602	0.2355622947216034	0.541935920715332	0.0	1.8794116973876953	2.4567930698394775	0.0	0.0	0.10750839859247208	0.09783139079809189	0.6180191040039062	0.48456627130508423	1.0830729007720947	1.3864117860794067	0.0
0.0	0.2422298938035965	1.765030860900879	1.080138921737671	0.36804088950157166	0.48543334007263184	3.170576333999634	2.7810821533203125	2.7909727096557617	0.0	0.18798640370368958	1.8387372493743896	0.0	0.0	0.17637677490711212	0.6066316962242126	1.418372631072998	0.6095923781394958	0.17228072881698608	0.8444566130638123	0.3638899624347687	2.1228861808776855	1.053236484527588	1.0476405620574951	2.3608970642089844	0.16852624714374542	0.47389015555381775	0.6402050852775574	0.6087633371353149	1.3940024375915527	2.4777302742004395	2.631014108657837	1.8899977207183838	0.0	2.7431588172912598	0.00926064234226942	2.4752063751220703	2.49204421043396	0.8260623812675476	1.9885718822479248	0.0	1.3000675439834595	0.785973310470581	2.7924587726593018	0.5160493850708008	3.0122461318969727	0.0	1.1133955717086792	3.4518351554870605	4.551477432250977	0.7571755647659302	0.0	0.6301295161247253	2.3178293704986572	2.8823082447052	1.4058548212051392	0.8060657382011414	0.0	1.1333924531936646	1.1074457168579102	1.0814201831817627	1.067155361175537	0.24719193577766418	0.0
0.0	0.0	1.418738603591919	0.11874130368232727	0.0	0.0	3.633720636367798	2.941577196121216	1.3221009969711304	0.3124021887779236	0.956926167011261	0.0	0.0	0.4481947422027588	0.0	0.0	0.27878621220588684	0.502172589302063	0.46376046538352966	0.7596179842948914	0.0	1.2074785232543945	1.0627342462539673	1.6844884157180786	1.4117729663848877	0.9375929832458496	0.0	0.0	0.206905797123909	1.1977853775024414	2.023141384124756	1.3480942249298096	0.40919020771980286	0.0	2.3289756774902344	0.10484802722930908	1.537657380104065	1.8029167652130127	0.0	1.8299189805984497	0.0	1.664480447769165	0.0	2.973581552505493	0.0	2.0016934871673584	0.0	1.086000680923462	2.1193630695343018	3.5168514251708984	1.102937936782837	0.0	0.0	2.0229268074035645	1.7039172649383545	0.7980552911758423	0.0	0.0	0.13882677257061005	2.3845267295837402	1.239338994026184	0.29108700156211853	0.0	0.0
0.0	0.1864757537841797	1.8096842765808105	0.8470548987388611	0.2912561595439911	0.227789044380188	4.01788330078125	3.028890371322632	3.2441911697387695	0.0	0.2382279634475708	0.0	0.0	0.0	0.0	0.35992202162742615	1.1450912952423096	1.8290371894836426	0.0	0.7966151833534241	0.0	1.9692103862762451	0.904764711856842	1.8038028478622437	1.8271081447601318	0.0	0.24204668402671814	0.0	0.6312207579612732	1.4726426601409912	1.8800617456436157	2.2691361904144287	1.6111451387405396	0.0	2.5941455364227295	0.3227807581424713	1.7860543727874756	2.062572717666626	0.49162665009498596	1.6692147254943848	0.0496336966753006	1.1799213886260986	1.092347264289856	1.921689748764038	0.0	2.3659508228302	0.1407146453857422	0.6747334599494934	4.185243129730225	3.6324830055236816	1.3220974206924438	0.3534510135650635	0.009158756583929062	2.0642154216766357	0.5091118216514587	0.6610950231552124	0.4926822781562805	0.0	0.2820821702480316	1.806747317314148	1.2017853260040283	0.5847840309143066	0.06217002123594284	0.0
0.3614954948425293	4.395055294036865	0.0	1.3999805450439453	0.0	1.2756606340408325	0.0	1.1399283409118652	2.121286392211914	0.022835683077573776	1.6630223989486694	0.0	0.0	1.3505929708480835	2.514944314956665	0.0	0.7910999059677124	2.805842161178589	0.3927692472934723	1.1205700635910034	0.3404443860054016	0.2531907260417938	0.0	1.1186107397079468	0.027232814580202103	1.3338316679000854	1.8767105340957642	1.8317219018936157	0.0	0.5912181735038757	0.18799160420894623	0.35549986362457275	0.22921304404735565	1.4550141096115112	2.564828872680664	1.7406091690063477	0.046791210770606995	0.7369071245193481	3.807943820953369	0.9364534616470337	0.8804768919944763	1.411720633506775	2.464879274368286	0.837424635887146	0.0	0.07971182465553284	1.9120192527770996	0.0	2.344191551208496	0.2903919517993927	2.113283157348633	1.4852150678634644	1.2050538063049316	0.6473990082740784	0.0	0.0	1.1596384048461914	1.1548335552215576	0.46373817324638367	2.1425623893737793	0.0	1.0773274898529053	1.071455478668213	1.5858815908432007
0.0	3.919642448425293	0.40026527643203735	2.5604355335235596	0.6164891123771667	0.9302965998649597	1.4504709243774414	0.05817222222685814	2.1677610874176025	0.0	1.7432125806808472	0.0	0.5269855856895447	0.2800579369068146	3.5833537578582764	0.1675124168395996	3.3706881999969482	3.1499383449554443	0.0	0.743544340133667	1.7880432605743408	0.46771949529647827	0.2891460359096527	1.039689302444458	0.6584339737892151	0.26706281304359436	1.2734017372131348	2.2198469638824463	1.3900880813598633	0.7333259582519531	1.1209303140640259	0.40336042642593384	1.151517391204834	0.11449208855628967	0.41434353590011597	2.5287153720855713	0.5806508660316467	0.22388942539691925	4.082701683044434	0.13007614016532898	1.9119600057601929	0.0	3.768562078475952	0.3371948003768921	0.25105029344558716	0.0	2.317438840866089	0.0	4.086977958679199	0.8235149383544922	1.2044010162353516	1.9628770351409912	2.1122612953186035	0.249714657664299	0.0	0.7877817749977112	1.0551506280899048	1.9502991437911987	0.24669426679611206	3.230664014816284	0.3367619514465332	1.4594722986221313	1.103680968284607	0.7369584441184998
0.9451529383659363	0.9295321106910706	2.773252487182617	2.1219780445098877	2.277095317840576	1.0415124893188477	0.1585765928030014	0.5151779651641846	0.2854483723640442	2.1973276138305664	0.16240650415420532	1.009805679321289	0.0	0.31789425015449524	1.0839070081710815	2.71231746673584	1.620105504989624	1.135124921798706	2.1044507026672363	0.0014025953132659197	1.2240796089172363	2.430847644805908	0.0	0.34214505553245544	2.3095202445983887	2.1651649475097656	1.298344373703003	3.839749336242676	0.0	3.579407215118408	1.88611900806427	1.100136160850525	2.0868704319000244	3.592203378677368	0.0	1.5060763359069824	1.7932666540145874	2.320723295211792	0.5277537703514099	1.7364259958267212	3.652557134628296	0.2069903314113617	0.31496521830558777	0.5771709680557251	2.582731008529663	0.0	0.0	1.4071810245513916	1.9677174091339111	1.7844102382659912	0.10294899344444275	0.39744889736175537	0.22549468278884888	2.888763904571533	2.4626643657684326	0.0	0.0	0.1480623334646225	0.8715835213661194	0.8453251719474792	0.0	1.8875854015350342	1.6028891801834106	0.0
0.0	0.0	1.29104483127594	0.23029085993766785	0.0	0.0	3.769209146499634	2.8363170623779297	1.0986899137496948	0.2986389994621277	0.6681142449378967	0.0	0.0	0.3312107026576996	0.0	0.0	0.09818366914987564	0.4197896122932434	0.13534444570541382	0.744710385799408	0.0	1.5380154848098755	1.4633545875549316	1.7939032316207886	1.6178135871887207	0.5464906692504883	0.19586074352264404	0.4848479628562927	0.6010652184486389	1.4382538795471191	2.3596649169921875	1.5215468406677246	0.5770519375801086	0.49309229850769043	1.9217890501022339	0.0	1.7187459468841553	1.6705682277679443	0.45652472972869873	2.0248496532440186	0.0	1.1328543424606323	0.0	3.096468687057495	0.20926876366138458	1.8776277303695679	0.0	1.2359540462493896	2.478910207748413	3.7605881690979004	1.1937657594680786	0.11277036368846893	0.0	1.5492098331451416	1.2859265804290771	0.738605260848999	0.0	0.0	0.11755193024873734	1.9897892475128174	1.350279450416565	0.4013613760471344	0.0	0.0
0.5058835744857788	0.7595934867858887	2.103811264038086	1.0101463794708252	0.2752409279346466	1.2823445796966553	3.8933019638061523	2.7489681243896484	0.0	0.0	0.0	0.2052006870508194	2.3732247352600098	1.4658418893814087	0.0	0.23779526352882385	2.657886028289795	0.0	0.6703884601593018	0.909762442111969	2.1420881748199463	2.0205111503601074	3.0422706604003906	0.6839809417724609	1.897490382194519	0.0	0.25858694314956665	0.0	2.8800458908081055	0.41880539059638977	2.0356321334838867	1.1502907276153564	0.0	0.0	0.0	1.1794054508209229	0.0	0.0	2.008101463317871	0.3188270926475525	0.0	0.0	1.3161495923995972	0.4220530688762665	0.0	0.37590932846069336	0.1970689445734024	2.869386672973633	0.9641261100769043	0.7630748152732849	0.24187295138835907	1.4708045721054077	1.1700183153152466	3.797605276107788	0.0	1.536675214767456	1.2737301588058472	0.0	1.305893898010254	0.10695730894804001	2.974863290786743	0.9783353209495544	0.11125452816486359	0.17403151094913483
0.0	1.1596068143844604	2.7381627559661865	2.364915132522583	1.641143560409546	0.0	0.11056609451770782	1.0996190309524536	0.16191530227661133	1.326948881149292	0.08975427597761154	0.0	0.0	0.2553391456604004	0.0	2.9407598972320557	1.1819425821304321	0.8671069145202637	1.6461210250854492	0.0	1.3312089443206787	2.9882054328918457	0.36017411947250366	0.6509348750114441	1.3869805335998535	2.057807207107544	1.1211553812026978	3.103586196899414	0.21447403728961945	3.0663859844207764	1.9127025604248047	0.05552633851766586	1.4886997938156128	3.4718453884124756	0.0	1.2056864500045776	1.6507388353347778	2.396775245666504	0.4639131426811218	1.4630217552185059	3.777320384979248	0.19762040674686432	1.4376754760742188	0.49031805992126465	2.8864243030548096	0.0	0.028597839176654816	0.0	3.097471237182617	2.365354061126709	0.24359460175037384	0.47927141189575195	0.0	2.1284961700439453	2.5011537075042725	0.0	0.0	0.0	0.009431920014321804	0.37069541215896606	0.5187262892723083	1.291247010231018	1.422425389289856	0.08551990240812302
3.723710298538208	3.7359964847564697	0.058953411877155304	1.0506216287612915	0.23119328916072845	0.6357759833335876	0.7630407214164734	1.5152521133422852	0.9582688808441162	2.3303334712982178	2.114558219909668	3.8162050247192383	0.0846971645951271	1.414419412612915	3.8732035160064697	0.5006555914878845	0.04153982177376747	0.45283040404319763	0.8394601345062256	1.1958293914794922	0.14944714307785034	0.3856171667575836	0.0	0.37903597950935364	0.0	3.3984246253967285	0.1084280014038086	1.8267996311187744	0.0	0.5021003484725952	0.044171858578920364	0.19439911842346191	0.0	2.84653902053833	2.7765185832977295	0.8711815476417542	0.24134716391563416	1.8559590578079224	2.1765799522399902	0.8995979428291321	0.556281566619873	2.2125518321990967	0.0	2.814044713973999	0.0	0.42872053384780884	0.21196109056472778	0.20677395164966583	0.0	0.0	1.796848177909851	0.0	0.0	1.5845205783843994	3.882779836654663	1.2874321937561035	1.150065302848816	1.951846718788147	0.03179803118109703	3.922532081604004	0.48469293117523193	0.44511130452156067	0.08348551392555237	0.8779821991920471
2.594619035720825	2.2612521648406982	0.17729192972183228	1.5342861413955688	0.7170402407646179	1.935894250869751	1.2777166366577148	2.6374356746673584	0.6013572216033936	0.49154117703437805	2.099776029586792	0.0	0.7868489027023315	2.191861152648926	1.3533170223236084	0.36636126041412354	0.7244259119033813	0.8350539803504944	1.2102128267288208	1.0443546772003174	0.5224171280860901	1.6603529453277588	0.0	0.4650813639163971	0.0	3.32685923576355	1.388089656829834	0.9996364116668701	0.41332924365997314	0.12053390592336655	1.4770206212997437	0.26260805130004883	0.0	2.4262053966522217	3.2780656814575195	0.42708098888397217	0.19229352474212646	1.7244786024093628	1.7934627532958984	1.7626835107803345	0.0	2.0830368995666504	0.01609688811004162	1.8638888597488403	0.5326498746871948	0.0	0.7930155992507935	1.1810939311981201	0.0	1.3517018556594849	3.515298366546631	1.0362000465393066	0.5989360213279724	3.1397268772125244	2.244744062423706	1.0553468465805054	1.1554796695709229	1.3267205953598022	0.21185441315174103	2.58879017829895	1.8336236476898193	0.3329625427722931	1.565370798110962	0.811999499797821
0.0	1.0486716032028198	2.0027072429656982	2.3415889739990234	0.9005963206291199	0.6158667206764221	3.0033786296844482	0.7590418457984924	0.8622737526893616	0.0	0.0	0.0	1.8912169933319092	0.0	0.0	1.0019725561141968	3.2793266773223877	0.4521786868572235	0.0	0.5139284133911133	3.0768611431121826	0.659247636795044	3.34137225151062	1.0730031728744507	1.5111862421035767	0.028539394959807396	0.5371235013008118	0.0	3.423609972000122	0.6731974482536316	1.8420054912567139	0.6283746361732483	0.35489436984062195	0.0	0.0	2.4644274711608887	0.4313347339630127	0.0	2.988032817840576	0.3845164477825165	1.219018578529358	0.0	3.138321876525879	0.6259182095527649	0.5828857421875	0.05719783529639244	1.5522440671920776	1.5728176832199097	3.255122423171997	1.1785227060317993	0.26659825444221497	2.325735569000244	0.7597172856330872	1.4461709260940552	0.0	1.4978901147842407	1.0646839141845703	0.0	0.8028662800788879	0.0	2.755802631378174	1.1265344619750977	0.21747508645057678	0.22176408767700195
0.0	0.0	1.4926269054412842	0.7065888047218323	0.12798909842967987	0.0	3.2808446884155273	2.5185933113098145	2.3464434146881104	0.0	0.22773857414722443	0.0	0.0	0.0	0.0	0.057057157158851624	0.6396017670631409	1.1969738006591797	0.0	1.2275458574295044	0.0	1.9774503707885742	0.7798754572868347	1.7885648012161255	1.8112778663635254	0.0	0.0	0.0	0.9735780954360962	1.5347927808761597	2.0496866703033447	1.7549468278884888	0.9098789095878601	0.0	2.6391263008117676	0.0	1.3590688705444336	1.8453600406646729	0.01304138544946909	1.1836596727371216	0.0	0.9334152340888977	0.20884422957897186	2.2195611000061035	0.0	2.6211514472961426	0.0	0.9750440716743469	2.7264785766601562	2.9866409301757812	1.0050455331802368	0.1916564404964447	0.0	1.816584825515747	0.24564878642559052	0.9599767327308655	0.1933170109987259	0.0	0.2686852812767029	1.6266435384750366	0.9216896295547485	0.6355093717575073	0.0	0.013357872143387794
0.24736152589321136	0.67898029088974	2.5342307090759277	2.166656494140625	2.3514251708984375	0.0859236940741539	0.0	0.0	0.0	2.700063943862915	0.0	0.2900356352329254	0.0	0.3463722765445709	0.7965677976608276	3.3394010066986084	1.4146231412887573	1.2047349214553833	2.0364763736724854	0.0	1.1615625619888306	2.0408616065979004	0.2737239897251129	0.18080297112464905	1.317267894744873	2.4181675910949707	1.4882103204727173	3.404503583908081	0.11590792238712311	3.3761987686157227	2.2279858589172363	0.3557533323764801	2.21494197845459	3.350992202758789	0.0	1.9141916036605835	1.448603630065918	2.21773362159729	0.14246849715709686	0.8427478075027466	4.300348281860352	0.4208357632160187	1.3931602239608765	0.392138808965683	3.1622977256774902	0.0	0.34661558270454407	0.3335241973400116	2.469162702560425	1.4043916463851929	0.08691176027059555	0.771859884262085	0.0	2.0737881660461426	2.032198190689087	0.17946192622184753	0.0	0.2052236795425415	0.0	0.4287770390510559	0.0	0.9649850726127625	1.587584376335144	0.062230996787548065
0.7772414684295654	0.0	2.1355719566345215	1.0314627885818481	1.2778559923171997	2.2075507640838623	2.85243558883667	1.141198992729187	0.11364367604255676	0.6311209201812744	0.0	0.10985957086086273	1.940325140953064	0.0	0.0	0.3559209406375885	3.581317186355591	0.935868501663208	1.0738312005996704	0.25103527307510376	1.324637770652771	0.5152026414871216	3.8303768634796143	0.8695485591888428	1.6398061513900757	0.36502963304519653	0.09655039012432098	0.0	3.1341097354888916	1.385413408279419	1.146850824356079	0.8961031436920166	0.8949353098869324	0.08726102113723755	0.0	2.8600380420684814	0.08723736554384232	0.0	1.113710641860962	0.03745699301362038	2.1943349838256836	0.0	3.2039835453033447	2.0020902156829834	0.8783445954322815	0.30781495571136475	1.4493238925933838	2.358999490737915	2.2469160556793213	0.7416827082633972	0.0032555940560996532	2.20810866355896	1.9531328678131104	1.9212994575500488	0.0	2.2531328201293945	1.2190378904342651	0.043593183159828186	1.4250766038894653	0.0	2.6938650608062744	0.46120238304138184	0.0	0.0
0.0	1.2686151266098022	2.921144485473633	2.046293020248413	2.1240711212158203	0.10376712679862976	0.26733824610710144	0.33954474329948425	0.0	1.9920130968093872	0.0	0.0	0.0	0.3637552261352539	0.025555752217769623	3.026834487915039	1.4324997663497925	0.8937631249427795	1.8316311836242676	0.032085031270980835	1.027198076248169	2.5091421604156494	1.3460006713867188	0.2795480787754059	1.5306813716888428	1.765291452407837	1.3000810146331787	3.4030916690826416	0.05133726820349693	3.4635629653930664	2.166748523712158	0.02536710724234581	2.0011324882507324	3.4641640186309814	0.0	1.3880454301834106	1.4228137731552124	2.318610429763794	0.3159484565258026	1.0272166728973389	4.148359775543213	0.06210431829094887	1.517327070236206	0.0	2.4439690113067627	0.0	0.0	0.28908684849739075	2.550093650817871	1.9089677333831787	0.21255895495414734	0.8779390454292297	0.0	2.519533634185791	2.191176652908325	0.0	0.5238922238349915	0.015534981153905392	0.0	0.7881678938865662	0.14564941823482513	1.1632237434387207	1.3492329120635986	0.0
0.0	0.0	3.2692081928253174	1.57790207862854	1.488770842552185	1.1189780235290527	0.0	1.102535367012024	0.8724284172058105	0.0	0.0	0.0	0.0	0.28156548738479614	0.0	2.321579933166504	1.8839322328567505	0.7190024852752686	1.6353518962860107	0.803210973739624	1.1148202419281006	2.86794114112854	0.0	0.9094566702842712	2.266541004180908	0.026984229683876038	0.8523427248001099	2.540644645690918	0.40968841314315796	3.2241599559783936	2.4795291423797607	0.7706997394561768	1.9906951189041138	2.8250386714935303	0.0	0.03770565614104271	1.3777353763580322	1.5397684574127197	0.27888715267181396	1.2762500047683716	2.047651529312134	0.0	0.9640629291534424	0.0	2.2136003971099854	0.8399077653884888	0.0	0.9746332168579102	4.062954902648926	3.0520687103271484	0.1968969851732254	0.7707309722900391	0.2711511254310608	2.9834659099578857	1.8195847272872925	0.2369289994239807	0.34686458110809326	0.0	0.9623359441757202	0.5835630297660828	0.2555766701698303	2.0465433597564697	1.2609455585479736	0.0
0.4894758462905884	1.5840864181518555	2.483299493789673	1.7361751794815063	0.7404991984367371	3.0633201599121094	0.5937652587890625	0.9740780591964722	1.0674548149108887	0.0	0.9291908144950867	1.4352415800094604	0.34968218207359314	1.1645041704177856	0.0	2.4334657192230225	1.6668709516525269	1.20000422000885	0.29309478402137756	0.8407289981842041	2.642956495285034	3.0707507133483887	0.7680705189704895	1.1241695880889893	1.4106389284133911	0.0	1.6013599634170532	0.0	0.989182710647583	1.0038652420043945	0.01321171224117279	0.5676279664039612	1.604509949684143	1.2126473188400269	2.2999119758605957	0.5447394847869873	0.7321488261222839	0.6893048882484436	1.286678433418274	0.5497723817825317	0.0	0.20587389171123505	1.6566749811172485	0.0	1.3805322647094727	0.8944990634918213	0.970317542552948	0.0	1.4180481433868408	0.6531434655189514	0.5093623399734497	1.9699896574020386	1.8381558656692505	2.411381244659424	0.33108794689178467	0.6686961650848389	1.7757960557937622	0.1999615579843521	0.6670137643814087	0.23684827983379364	0.653159499168396	2.239522695541382	1.6794686317443848	1.60440194606781
0.6908542513847351	0.0	2.490772008895874	1.1167739629745483	1.3000471591949463	0.34232914447784424	4.176656723022461	0.9332020282745361	0.25475114583969116	0.0	0.0	0.0	1.9784927368164062	0.0	0.0	0.7161783576011658	3.045584201812744	0.0	0.0	0.060794129967689514	1.7318291664123535	0.6712712049484253	3.474834442138672	0.9237140417098999	1.1738150119781494	0.0	0.0	0.0	3.0238161087036133	0.9460832476615906	0.616893470287323	0.8268669843673706	0.14295387268066406	0.0	0.0	2.7519073486328125	0.3475427031517029	0.0	1.2260165214538574	0.0	1.6807067394256592	0.0	2.9594292640686035	1.743393063545227	0.973671019077301	0.27703240513801575	1.772253155708313	1.6017072200775146	2.8227603435516357	0.9999669790267944	0.12839901447296143	2.0315823554992676	0.5381523966789246	1.9410372972488403	0.0	2.1307897567749023	1.198708415031433	0.0	0.8717828989028931	0.0	2.6801984310150146	0.5888657569885254	0.734235942363739	0.0
3.1736490726470947	4.201086044311523	0.6609652042388916	1.9571565389633179	0.06386616826057434	2.402967929840088	0.39987385272979736	1.474249005317688	2.438394069671631	0.1790226548910141	1.7620761394500732	3.5733485221862793	0.30700182914733887	2.1960630416870117	3.3845231533050537	0.5074898600578308	1.4483860731124878	1.4433681964874268	0.32045480608940125	1.2837620973587036	0.8952493071556091	0.7811217904090881	0.0	1.004722237586975	0.19907033443450928	3.9706103801727295	0.6841749548912048	1.9285507202148438	0.5083172917366028	0.16031576693058014	0.24809370934963226	0.4187852740287781	0.04691602289676666	3.15315842628479	3.2930238246917725	0.2199091762304306	0.8667202591896057	2.411726474761963	3.0602638721466064	1.0922253131866455	1.2042220830917358	2.5003340244293213	1.1794614791870117	0.716366708278656	0.4481009542942047	0.0	2.4279110431671143	0.05378178507089615	1.2233086824417114	0.4731444716453552	2.29984450340271	0.6139769554138184	2.5277178287506104	1.9295624494552612	3.115495204925537	1.9992165565490723	1.9654655456542969	2.1210827827453613	0.48993390798568726	2.4775335788726807	1.1123045682907104	0.12831515073776245	0.7081728577613831	1.2928922176361084
0.33365318179130554	4.253282070159912	0.3415380120277405	2.100264310836792	1.2070482969284058	3.120375156402588	0.7574706077575684	0.25490057468414307	2.1103875637054443	0.633796751499176	1.642303228378296	0.8346291780471802	0.0	0.6492729187011719	3.5131163597106934	0.0	3.2522060871124268	3.0620100498199463	0.6576574444770813	0.9037880301475525	2.3255186080932617	0.0	0.24606451392173767	1.0557920932769775	1.1616572141647339	0.3782830834388733	1.5892517566680908	3.4096062183380127	1.2464443445205688	0.9165058732032776	0.8452687859535217	0.22712953388690948	1.4658006429672241	0.37850767374038696	0.1694951355457306	2.8929524421691895	0.4066629707813263	0.1352345049381256	3.631192445755005	0.5382012724876404	2.2291512489318848	0.0	3.8757333755493164	0.5848007798194885	0.5932981967926025	0.7768938541412354	1.9255883693695068	0.002478974172845483	3.658937692642212	1.1163033246994019	1.4173518419265747	1.3485978841781616	2.6954755783081055	0.0	0.0	0.27319321036338806	0.8874620199203491	1.8897325992584229	1.2677558660507202	2.3538002967834473	0.033626239746809006	1.62090003490448	1.585695743560791	1.25333833694458
1.393931269645691	0.0	1.189945936203003	0.0	3.196928024291992	0.5572283267974854	3.0984129905700684	0.0	0.673247754573822	3.850120782852173	0.0	1.615006446838379	0.8777698278427124	0.0	2.8672895431518555	1.7896642684936523	0.011209110729396343	0.0	1.7183769941329956	0.4372044503688812	0.23555022478103638	0.11924337595701218	3.1276051998138428	0.0	0.0	1.284364104270935	0.0	2.447110891342163	1.218157172203064	0.0	1.1405378580093384	0.6944369077682495	1.0156930685043335	2.7344653606414795	0.2588842511177063	1.5730105638504028	0.6936784386634827	0.07350816577672958	0.431212455034256	0.0	2.546815872192383	1.476913571357727	0.0114730354398489	3.2822608947753906	2.565478801727295	1.077315092086792	0.5217992663383484	0.5961987972259521	0.5980069041252136	0.1281183660030365	0.0	0.0	0.44039347767829895	0.075754314661026	2.2849507331848145	2.003115177154541	0.04633855074644089	3.2189712524414062	1.5210130214691162	0.0	2.438196897506714	0.0	1.1426666975021362	0.2969914376735687
0.06591670960187912	0.0	1.2266502380371094	1.0561693906784058	0.4067390561103821	1.5458903312683105	4.253910064697266	2.084233283996582	0.0	0.0	0.0	0.0	2.3874270915985107	1.8438560962677002	0.0	0.4195261001586914	2.618102550506592	0.0	1.3193840980529785	0.1297728270292282	2.2125244140625	1.1731314659118652	1.9798145294189453	0.6137429475784302	1.435060739517212	0.35480666160583496	0.575713574886322	0.0	1.6093913316726685	0.25551655888557434	0.10490090399980545	1.0443527698516846	0.0	0.0	0.6397708654403687	1.4417544603347778	0.0	0.764190137386322	1.0177756547927856	0.5315784811973572	0.0	0.14745789766311646	0.8183236122131348	1.1828179359436035	1.1127994060516357	0.0	0.4368920624256134	3.1416287422180176	0.32307878136634827	0.6487675905227661	0.0	1.375308632850647	1.5289366245269775	3.6654906272888184	0.0	0.37486010789871216	1.5320584774017334	0.0	1.7080650329589844	0.6498512625694275	2.9981863498687744	0.3716971278190613	0.6248517036437988	0.20953822135925293
0.27162185311317444	4.080282211303711	1.2060312032699585	2.095402479171753	0.35938942432403564	2.737255334854126	1.6130015850067139	0.9477362632751465	1.9529916048049927	0.0	1.6031745672225952	0.0	1.2073389291763306	0.8993412852287292	3.9945924282073975	0.28599756956100464	3.3728959560394287	2.286393404006958	0.0	1.0426855087280273	1.8852829933166504	0.6361908912658691	1.5891501903533936	1.1574567556381226	1.11740243434906	0.0	1.5143141746520996	2.0728394985198975	2.331569194793701	0.7256389856338501	0.6741251349449158	0.6692392826080322	0.978230893611908	0.8251314163208008	0.0	2.1452953815460205	0.3079092502593994	0.05350840464234352	4.450888156890869	0.06387589126825333	1.7931029796600342	0.0	3.775036573410034	1.4947760105133057	0.24196264147758484	0.3833768665790558	2.285503387451172	0.24926160275936127	4.162848472595215	1.8131067752838135	1.2461785078048706	1.9538918733596802	2.2858850955963135	1.1685216426849365	0.0	0.8566824793815613	1.073458194732666	2.5386242866516113	0.537516176700592	3.3299429416656494	0.737812340259552	1.2774336338043213	0.7303634285926819	0.32642561197280884
1.403417706489563	0.2377701848745346	1.9368630647659302	0.8517316579818726	0.7756528854370117	2.5065112113952637	4.159169673919678	2.5712625980377197	0.0	0.7486344575881958	0.0	0.5643349289894104	2.1648733615875244	0.36339688301086426	1.6057742834091187	1.3303816318511963	3.8170766830444336	0.30427026748657227	1.0973201990127563	0.5975062251091003	1.9144009351730347	0.006320460699498653	3.771885633468628	1.2659120559692383	1.8292821645736694	0.29300326108932495	0.0	1.7246392965316772	2.87093186378479	1.0320919752120972	0.9362218976020813	1.323318362236023	1.2168749570846558	0.0	0.0	2.2952373027801514	0.09981843829154968	0.0	3.036212205886841	0.1794535517692566	1.8489131927490234	0.0	2.9455227851867676	1.807640552520752	0.6177657246589661	0.4128390848636627	1.4672588109970093	2.085702657699585	2.39570689201355	1.011984944343567	0.3572963774204254	2.089904546737671	2.038300037384033	3.055966854095459	0.0	2.008774518966675	1.576980710029602	0.002953330520540476	1.4408870935440063	0.0	2.8802220821380615	0.9210110306739807	0.10985137522220612	0.07499604672193527
0.0	0.1573639214038849	1.8808014392852783	0.8199610710144043	0.947545051574707	0.0	3.4026732444763184	3.079242467880249	2.409923791885376	0.9315965175628662	0.05365176871418953	0.0	0.0	0.0	0.0	0.18620756268501282	1.1409971714019775	0.966584324836731	0.6468039155006409	1.1288537979125977	0.0	1.7127670049667358	0.6644425392150879	1.6051708459854126	2.1254401206970215	0.0	0.0	0.0	0.6354622840881348	1.5311734676361084	1.752697467803955	1.995665192604065	0.8991036415100098	0.20732058584690094	2.2923693656921387	0.3595612347126007	1.8444554805755615	2.063326120376587	0.46769964694976807	1.9703952074050903	0.07836282253265381	1.1308765411376953	0.0	2.411177158355713	0.0	2.7803311347961426	0.0	1.2000633478164673	3.305931806564331	4.029375076293945	0.9561119675636292	0.0	0.0	1.9880907535552979	2.0307390689849854	1.426621675491333	0.2660309076309204	0.0	0.6985697746276855	1.5510611534118652	1.6112821102142334	0.4581807255744934	0.0	0.0
1.7067017555236816	1.3019434213638306	1.1817940473556519	1.4041738510131836	1.1160238981246948	2.983059883117676	3.2874107360839844	1.315270185470581	0.6816129088401794	0.6628271341323853	1.214944839477539	0.5010437369346619	2.164588451385498	0.6628566384315491	3.6247856616973877	0.3023849427700043	4.161860466003418	1.6360976696014404	1.045055866241455	1.5026557445526123	2.665870428085327	0.7500457167625427	3.269904375076294	1.2034430503845215	1.8109310865402222	0.3354148268699646	0.5076962113380432	1.3229048252105713	2.907240390777588	0.815250039100647	1.054260015487671	1.260429859161377	0.9821680784225464	0.0	0.0	2.4681200981140137	0.12084090709686279	0.0	2.562610626220703	0.5498974919319153	0.6921467185020447	0.039233069866895676	3.337639570236206	1.9789257049560547	0.8223116993904114	0.38820382952690125	1.4607731103897095	2.987912654876709	2.6039321422576904	0.7033085823059082	0.38964247703552246	1.6958026885986328	2.2821860313415527	2.9716901779174805	0.0	1.3230490684509277	1.5865613222122192	2.0257816314697266	1.377248764038086	1.276990532875061	2.2167909145355225	1.025765061378479	0.6464526057243347	0.2222263365983963
0.0	3.9249846935272217	0.8715224266052246	2.004091501235962	0.6805775761604309	1.0314140319824219	0.9876249432563782	0.0	2.518371343612671	0.0	1.2141973972320557	0.0	0.459378719329834	0.12433721125125885	3.232856273651123	0.32672688364982605	2.74933123588562	3.077162504196167	0.0	0.9715312719345093	1.4274388551712036	0.34752461314201355	0.529990553855896	0.8373064994812012	0.45897603034973145	0.33105993270874023	1.3617793321609497	2.248694658279419	1.0700474977493286	0.8142020106315613	1.2913888692855835	0.269802987575531	1.2086254358291626	0.0	0.0	2.504889965057373	0.36722084879875183	0.0	3.9522311687469482	0.0	1.7787808179855347	0.0	3.972005844116211	0.0	0.1990550011396408	0.0	2.461083173751831	0.0	4.330004692077637	1.036756992340088	1.0936810970306396	1.5925524234771729	2.1788647174835205	0.07482744008302689	0.0	0.513219952583313	0.8980875015258789	1.918033242225647	0.26968035101890564	2.540057420730591	0.10210483521223068	1.004646897315979	0.979239821434021	0.35463541746139526
2.9119904041290283	2.268681287765503	0.8933829069137573	1.2704652547836304	0.15334650874137878	1.5372942686080933	0.7786417603492737	2.9405875205993652	0.9430195093154907	0.8946805000305176	1.6822891235351562	3.4010684490203857	0.14993888139724731	1.4278464317321777	2.3391456604003906	0.34102511405944824	0.0	0.5883975028991699	1.3098636865615845	1.4208176136016846	0.45305854082107544	0.9848510026931763	1.4925110340118408	0.34718260169029236	0.3048448860645294	3.067629814147949	0.7858855128288269	0.03280777484178543	0.22617647051811218	0.07493065297603607	0.5563103556632996	0.7847492694854736	0.0	1.5584362745285034	3.8895881175994873	0.1495148241519928	0.865705132484436	2.0266127586364746	0.8124147653579712	1.776992678642273	0.5424578189849854	2.3374879360198975	0.0	1.9656989574432373	0.6403355002403259	1.2093627452850342	0.3306950330734253	0.5428918600082397	0.0	0.872265100479126	1.0557061433792114	0.15050366520881653	1.675991177558899	2.1766693592071533	3.7717761993408203	1.5204776525497437	1.569274663925171	1.4899754524230957	0.652768075466156	3.091520071029663	0.9209897518157959	0.27935314178466797	1.3675205707550049	0.668877363204956
1.244600772857666	0.9220434427261353	3.121788501739502	2.7314257621765137	2.1692934036254883	1.7814996242523193	0.0	0.11210601031780243	0.1477925181388855	2.182253122329712	0.33898890018463135	1.6481608152389526	0.0	0.5382684469223022	0.6866812705993652	2.894523859024048	1.9469044208526611	0.936230480670929	2.780038833618164	0.0	1.6896393299102783	2.4016213417053223	0.17679916322231293	0.18534214794635773	1.3686902523040771	2.2295610904693604	1.0641783475875854	3.696052312850952	0.2671012282371521	3.6138200759887695	1.9788055419921875	0.0	1.5282310247421265	3.393970489501953	0.0	1.4105772972106934	1.1557204723358154	1.5825108289718628	0.7192296385765076	1.2856441736221313	4.269908428192139	0.0	1.0742448568344116	0.3421117663383484	3.253782272338867	0.0	0.0	0.931178092956543	1.4336785078048706	1.5847225189208984	0.3476499617099762	0.8851394653320312	0.803678035736084	1.645767092704773	1.9412453174591064	0.0	0.3259178400039673	0.3380850553512573	0.9097540974617004	0.0	0.16636018455028534	2.037665843963623	1.5481295585632324	0.0
0.0	0.0	2.099997043609619	0.4626752436161041	0.0	0.0	3.427783966064453	2.67014741897583	2.2417497634887695	0.0	0.0	0.0	0.0	0.0	0.0	0.3505452573299408	0.6800684332847595	0.8840419054031372	0.0	0.9995628595352173	0.0	2.036752939224243	0.8497277498245239	1.654996395111084	1.7641735076904297	0.0	0.0	0.0	0.5662913918495178	1.5117244720458984	1.784690499305725	1.905789852142334	0.7753021121025085	0.0	2.45843768119812	0.0	1.7897288799285889	1.9144760370254517	0.1278282254934311	1.4728736877441406	0.0	1.0584510564804077	0.0	1.9487650394439697	0.0	2.6328351497650146	0.0	0.8558992147445679	3.085378408432007	3.1144778728485107	0.8627768158912659	0.1579722762107849	0.0	1.9482752084732056	0.727130651473999	1.2077692747116089	0.1331581473350525	0.0	0.36608245968818665	0.998583197593689	1.0184986591339111	0.2912164628505707	0.0	0.0
3.6046102046966553	3.698136329650879	0.6913648843765259	1.0886107683181763	0.5213176608085632	1.0890169143676758	0.40185436606407166	1.7999931573867798	0.9648798704147339	1.975706934928894	2.137767791748047	3.5867629051208496	0.2131790965795517	1.6559348106384277	3.062338352203369	0.0620800256729126	0.028177844360470772	0.27633047103881836	1.2051643133163452	1.2406022548675537	0.0	0.2935534715652466	0.2720032334327698	0.5809895396232605	0.0	3.9295127391815186	0.4322660565376282	1.264859676361084	0.00211537373252213	0.762654185295105	0.5881409049034119	0.7642665505409241	0.0	2.903881549835205	3.273642063140869	0.0	0.3847712576389313	1.8580058813095093	1.741707444190979	1.4935826063156128	0.44794896245002747	2.4485695362091064	0.0	3.3564391136169434	1.0503044128417969	0.8077611327171326	0.0	0.0	0.0	0.47133997082710266	1.263414740562439	0.0	0.0	1.0419933795928955	4.1340460777282715	1.3771083354949951	1.4292793273925781	1.5738530158996582	0.612259566783905	3.341200828552246	0.9972198605537415	0.07017344236373901	0.5728000998497009	1.2809473276138306
0.0	3.0415375232696533	1.6346865892410278	2.5599238872528076	0.8973751068115234	0.7064245343208313	2.872479200363159	0.10274441540241241	2.3364624977111816	0.0	1.4236351251602173	0.0	1.403505802154541	0.8436431288719177	3.1035799980163574	0.7536285519599915	2.883910655975342	2.592372417449951	0.02136175148189068	0.7677628397941589	2.273611545562744	1.0252164602279663	2.343261241912842	0.9298369884490967	1.1858857870101929	0.49306434392929077	1.1242672204971313	1.7204291820526123	2.9653804302215576	1.2530550956726074	1.3217798471450806	0.8813554644584656	1.19074285030365	0.4610751271247864	0.44906237721443176	2.844637155532837	0.3917367458343506	0.22824540734291077	3.898688316345215	0.10716389864683151	1.7566603422164917	0.11373710632324219	3.823631763458252	0.49634891748428345	0.6511458158493042	0.0	2.407137393951416	0.35599321126937866	3.888718843460083	0.7794163227081299	1.2234021425247192	2.125011682510376	1.9213687181472778	1.7930715084075928	0.0	0.5857479572296143	1.0536974668502808	1.689691424369812	0.40149450302124023	3.4455087184906006	0.8739211559295654	1.8609248399734497	1.4616470336914062	0.38819462060928345
0.0	0.7379819750785828	2.7418785095214844	2.3413219451904297	2.313237190246582	0.09433288127183914	0.0	0.10083143413066864	0.3451744019985199	2.1075527667999268	0.021665159612894058	0.0	0.2035299390554428	0.8707938194274902	0.31355059146881104	2.955872058868408	1.1919339895248413	0.8923220634460449	2.044039249420166	0.0	1.9895213842391968	2.1926677227020264	0.0	0.18350018560886383	1.3918989896774292	2.4097299575805664	1.4475491046905518	3.333047866821289	0.4722324311733246	3.6029438972473145	2.091928720474243	0.04712279140949249	1.891106367111206	3.6968863010406494	0.0	1.6155815124511719	0.9428173899650574	1.904233694076538	0.5291799306869507	0.8149659633636475	4.700192928314209	0.13984143733978271	1.3285890817642212	0.0	2.5473480224609375	0.0	0.04107705503702164	1.2347180843353271	2.4756765365600586	1.1952110528945923	0.6397794485092163	1.09756338596344	0.0	1.7484138011932373	2.1403331756591797	0.0	0.0	0.0	0.0	0.370606392621994	0.1252417415380478	1.6340337991714478	1.3141416311264038	0.0
2.52927303314209	2.918139696121216	0.896271288394928	1.36038076877594	0.3033466637134552	1.9838004112243652	1.5325241088867188	3.331348419189453	1.827518343925476	2.134589195251465	1.5409263372421265	2.9153401851654053	0.638122022151947	1.269043207168579	1.7308835983276367	0.5892924070358276	0.0	1.4166184663772583	1.189215898513794	1.9905773401260376	0.33384090662002563	1.5113197565078735	1.2419464588165283	0.35991325974464417	0.8213006854057312	2.7043957710266113	0.6060627698898315	0.03360769897699356	0.5729965567588806	0.0071601769886910915	0.9054034352302551	2.026254415512085	0.0	0.9335994124412537	3.7844600677490234	0.0	1.3071520328521729	2.330709218978882	1.2101880311965942	1.3921486139297485	0.0	1.9809306859970093	0.0	2.0512895584106445	0.3426745533943176	1.6399279832839966	0.6047158241271973	0.3706572651863098	0.0	0.941003680229187	0.38930800557136536	0.0	1.450336217880249	2.8282957077026367	3.9983036518096924	1.305955171585083	2.1333444118499756	1.4363601207733154	0.0	2.613301992416382	1.693774700164795	0.6716291904449463	0.5333317518234253	0.7348837852478027
2.557197332382202	2.5334830284118652	0.6330414414405823	2.163219690322876	0.8737863898277283	0.0	1.5195379257202148	1.6868973970413208	1.4389638900756836	1.2337318658828735	1.6654659509658813	2.111151933670044	0.10146038234233856	1.568668007850647	2.275057077407837	0.0	0.9726575016975403	0.7045495510101318	1.255071759223938	0.8820503354072571	0.8114639520645142	1.184290885925293	0.8032549023628235	1.4086552858352661	1.0692058801651	4.737192630767822	0.1183314397931099	0.821281909942627	0.09172535687685013	0.9707959890365601	1.0987725257873535	0.923782467842102	0.376209020614624	3.252769708633423	3.473877429962158	2.3041560649871826	0.7766821980476379	2.260340929031372	1.5452579259872437	2.486964464187622	0.034202661365270615	2.129042387008667	1.1469730138778687	2.384807825088501	0.7676993012428284	0.802738606929779	0.5560123324394226	0.37650996446609497	2.2142083644866943	3.5234410762786865	1.614429235458374	0.30684593319892883	0.0	1.2251793146133423	4.5479912757873535	1.7263116836547852	0.672145426273346	0.0	0.0	2.855879783630371	0.02524779923260212	1.2500219345092773	0.2241724282503128	1.1201703548431396
0.0	0.23841261863708496	1.5167609453201294	0.8159027099609375	0.0	0.0	3.021575450897217	2.9707932472229004	3.133152961730957	0.2338913083076477	0.9603903889656067	0.0	0.0	0.0	0.0	0.0	0.9029945731163025	0.9696558713912964	0.0	1.090671420097351	0.0	1.7162044048309326	1.92693030834198	1.8069648742675781	1.6047308444976807	0.0	0.0	0.0	0.5796653628349304	1.5019458532333374	1.733391523361206	1.9602712392807007	0.2760576009750366	0.18296103179454803	3.0175018310546875	0.26043808460235596	1.6740480661392212	2.129953145980835	0.7263054251670837	2.6801722049713135	0.0	1.7599906921386719	0.0	3.047283411026001	0.0	3.077186346054077	0.04168352484703064	0.7849674820899963	3.3592331409454346	4.210461139678955	1.319008469581604	0.0	0.0	1.7654964923858643	1.970242977142334	1.5801126956939697	0.4596420228481293	0.0	0.5885541439056396	2.4322350025177	0.6697898507118225	0.297490656375885	0.0	0.2615348696708679
2.047117233276367	4.261765003204346	0.06865893304347992	1.8714998960494995	0.5093173384666443	2.3196656703948975	0.8767946362495422	0.7853302955627441	3.5352652072906494	0.21035808324813843	1.670196533203125	2.5492658615112305	0.2195488065481186	1.178693175315857	3.659158706665039	0.12225117534399033	2.9638314247131348	3.9225170612335205	0.2475591003894806	1.3395991325378418	1.6102668046951294	0.9355207085609436	0.0	1.1319528818130493	0.4912741184234619	2.0618417263031006	1.3723714351654053	1.9708200693130493	0.16320888698101044	0.001859020791016519	1.3362728357315063	0.39678364992141724	0.3747273087501526	1.4174296855926514	2.477898120880127	2.2480056285858154	0.11256156861782074	1.0706161260604858	3.247209072113037	0.6176008582115173	1.692333459854126	1.4892070293426514	3.486905097961426	0.4362025558948517	0.0	0.45016610622406006	2.120178699493408	0.26280274987220764	2.8753230571746826	0.0	1.4873011112213135	1.1913602352142334	2.03071928024292	1.2356445789337158	1.2286794185638428	0.2610606253147125	2.3360183238983154	2.281784772872925	0.481929749250412	3.5168373584747314	0.9070424437522888	1.1607478857040405	1.022814154624939	0.8918529748916626
0.0	0.0	2.359476089477539	0.891076922416687	0.7221950888633728	1.693367838859558	2.8152432441711426	1.3593024015426636	0.4748530089855194	0.0	0.0	0.0	1.8568540811538696	0.0	0.0	0.66059410572052	3.2678604125976562	0.23044994473457336	0.44622594118118286	0.0	1.0531574487686157	1.012964129447937	4.131463527679443	1.1658573150634766	1.9079186916351318	0.0	0.0	0.0	2.962582588195801	0.6695743799209595	0.6548905968666077	1.1243386268615723	0.14558632671833038	0.0	0.0	2.133161783218384	0.2437461018562317	0.1568371057510376	1.3279666900634766	0.20043522119522095	1.2103297710418701	0.0	3.137815237045288	1.359563946723938	0.42064985632896423	0.3256789743900299	1.1074928045272827	1.5178300142288208	2.428783655166626	1.1342432498931885	0.0	2.3511996269226074	1.0826661586761475	2.0452816486358643	0.0	1.4907506704330444	1.038779377937317	0.0	1.038183331489563	0.0	2.8074395656585693	1.1322816610336304	0.0	0.0
0.0	0.38228246569633484	2.0421664714813232	0.7481251358985901	0.2234751135110855	0.030997207388281822	3.69706654548645	2.641240358352661	2.4087743759155273	0.0	0.08668695390224457	0.0	0.0	0.0	0.0	0.5225709080696106	0.9013515710830688	0.9103958606719971	0.0	0.7407167553901672	0.0	2.0428035259246826	0.6732526421546936	1.5615313053131104	1.7955280542373657	0.0	0.0	0.0	0.69466233253479	1.5766191482543945	1.8120907545089722	2.349670886993408	1.158758521080017	0.0	2.3399786949157715	0.368478387594223	2.1363306045532227	2.1626317501068115	0.48610827326774597	1.8683630228042603	0.0	0.8114257454872131	0.45395904779434204	2.054159641265869	0.0	2.5011544227600098	0.0	1.4002290964126587	4.133857727050781	3.9245827198028564	0.9009580612182617	0.03555403649806976	0.0	2.37802791595459	1.2161611318588257	0.9270779490470886	0.20945017039775848	0.0	0.4261065423488617	1.551530122756958	0.9618768692016602	0.01604939065873623	0.0	0.0
0.0	1.0727232694625854	2.7804293632507324	1.9149523973464966	2.2232096195220947	0.0	0.30503222346305847	0.5037462711334229	0.2712204158306122	1.830404281616211	0.0773104578256607	0.0	0.0	0.0	0.8537836074829102	2.927509307861328	0.7808008193969727	0.8610832691192627	1.685794711112976	0.0044903624802827835	1.8554270267486572	2.4567134380340576	0.0	0.1867348998785019	1.4748302698135376	1.9992872476577759	1.3015320301055908	3.314507484436035	0.04291468486189842	3.3602075576782227	1.6019905805587769	0.2519262731075287	2.507349967956543	3.269960403442383	0.0	1.5148906707763672	1.8079084157943726	2.339038610458374	0.3766215443611145	0.9796304106712341	4.017869472503662	0.07770290225744247	0.7743431925773621	0.0986538976430893	2.4732375144958496	1.509089708328247	0.0	0.5292187929153442	3.1908655166625977	1.8746473789215088	0.18199679255485535	0.6844737529754639	0.0	2.2059364318847656	2.395397663116455	0.0	0.0	0.20797179639339447	0.0	0.6300121545791626	0.9232120513916016	0.9347502589225769	1.4321906566619873	0.0
0.0	0.1511588990688324	1.7332218885421753	0.9178867936134338	0.16976377367973328	0.0	3.0755276679992676	2.6730129718780518	2.9359304904937744	0.0	0.23366041481494904	0.0	0.0	0.0	0.0	0.0	0.8184418678283691	1.433552622795105	0.0	1.2203726768493652	0.0	2.0094070434570312	0.8046984076499939	1.781212329864502	1.7058360576629639	0.0	0.0	0.0	0.42914313077926636	1.5718393325805664	1.5734611749649048	1.7652705907821655	0.6322218179702759	0.0	2.7862677574157715	0.0	1.8302792310714722	2.2978920936584473	0.2206164300441742	1.5328620672225952	0.0	1.0896741151809692	0.263598769903183	2.353752851486206	0.0	2.879995822906494	0.0	1.4110918045043945	3.3210272789001465	3.2393624782562256	1.1761906147003174	0.3633597195148468	0.029982946813106537	1.768638253211975	0.6862079501152039	1.3518776893615723	0.23544354736804962	0.0	0.16643713414669037	1.2047923803329468	0.8412523865699768	0.12044364959001541	0.0	0.11892290413379669
3.9392051696777344	3.479715585708618	0.18950079381465912	1.0701193809509277	0.19933034479618073	0.8845075964927673	0.5873265862464905	2.4436798095703125	1.886620283126831	1.8745564222335815	2.4710211753845215	3.0630319118499756	0.2473711520433426	1.9583775997161865	3.398519515991211	0.24299356341362	0.27839213609695435	1.7970492839813232	1.4318580627441406	1.507785439491272	0.7497622966766357	0.8637435436248779	0.12362969666719437	0.18131715059280396	0.0	3.7221105098724365	0.33077239990234375	1.495054006576538	0.0	0.0	0.47577768564224243	0.4365396201610565	0.0	3.1599671840667725	3.56142520904541	0.0	0.35243719816207886	1.8594346046447754	2.003950834274292	1.213698148727417	0.04308120161294937	2.762378215789795	0.0	3.0166401863098145	0.1254585087299347	1.0509114265441895	0.0	0.36017629504203796	0.07852845638990402	0.0	1.123344898223877	0.0	0.22057519853115082	2.0946052074432373	3.97786808013916	1.221121072769165	1.2944167852401733	1.6624292135238647	0.18346267938613892	3.516831636428833	0.8716517686843872	0.6263910531997681	0.43319931626319885	0.8047947287559509
2.6412007808685303	0.0	1.2987265586853027	0.011553753167390823	2.6555142402648926	0.012850096449255943	3.143568992614746	0.6928627490997314	0.09596570581197739	3.897979736328125	0.0	1.9846376180648804	1.1146314144134521	0.5699251294136047	2.7030773162841797	0.38275304436683655	0.3958561420440674	0.0	2.193537473678589	0.7161805629730225	0.7489388585090637	0.3803642988204956	3.156827449798584	0.05123308673501015	0.0	0.8464656472206116	0.0	1.939803957939148	1.6758443117141724	0.0	0.44688689708709717	0.7452285885810852	0.4140477478504181	1.7999598979949951	0.7258753180503845	2.198326349258423	0.2995736002922058	0.14412613213062286	0.07366477698087692	0.0	3.0906713008880615	1.8099091053009033	0.0	3.8045055866241455	1.426486611366272	0.9095736145973206	0.0314369723200798	1.4071502685546875	0.0	0.0	0.044714316725730896	0.07461806386709213	0.0	1.0911513566970825	1.59891676902771	2.3697376251220703	0.18781615793704987	1.432558298110962	1.8421934843063354	0.665012538433075	2.569523811340332	0.0	0.0	0.0
3.277041435241699	3.4444098472595215	0.6942920088768005	0.9394645690917969	0.0	1.3442527055740356	0.7341573238372803	2.5866239070892334	0.9695035219192505	1.071445345878601	1.8337045907974243	3.545091390609741	0.14270760118961334	1.434088110923767	2.4127702713012695	0.0	0.0	0.3671603202819824	0.9469089508056641	0.8850327134132385	0.5324506163597107	0.8317556977272034	1.0780550241470337	0.2696188688278198	0.0687912255525589	3.6966919898986816	0.3612188994884491	0.568494975566864	0.2662385404109955	0.027116835117340088	0.3477254807949066	1.4462248086929321	0.0	2.366596221923828	3.7257649898529053	0.0	0.7728214263916016	2.41469669342041	1.9892305135726929	1.1427942514419556	0.0	2.5015511512756348	0.0	1.6366435289382935	0.508350670337677	0.5564262866973877	0.1035434752702713	0.2106669694185257	0.0	0.12394310534000397	1.3167022466659546	0.0	0.0	1.8584538698196411	4.207016944885254	1.4398175477981567	0.9500769972801208	1.2961238622665405	0.0	2.6611287593841553	0.9120287299156189	0.0	0.8184328675270081	0.853763222694397
0.0	2.621033191680908	0.01071606483310461	1.905950903892517	0.5673168301582336	2.207188844680786	2.0555245876312256	0.0	2.587618827819824	0.0	1.8625224828720093	0.0	0.4955329895019531	1.3593857288360596	2.5615367889404297	0.9708622097969055	2.2563741207122803	2.5323266983032227	0.0	1.1986708641052246	2.4047420024871826	0.6850419044494629	1.1003243923187256	1.0330488681793213	1.1323329210281372	0.03539496287703514	2.577136993408203	1.0852011442184448	1.679075002670288	0.0	1.2465920448303223	0.422573983669281	1.756552815437317	0.9413784742355347	0.6298437714576721	1.9956845045089722	0.2976550757884979	0.0045388792641460896	2.5586483478546143	0.08253246545791626	1.1092255115509033	0.07214122265577316	3.7090437412261963	0.35622596740722656	0.15375271439552307	0.5776900053024292	2.033827781677246	0.6008992195129395	3.3002007007598877	0.26331013441085815	1.1447620391845703	1.9440535306930542	2.5826189517974854	0.9888331294059753	0.0	0.0	1.0863659381866455	2.086179494857788	0.5374385714530945	3.3209028244018555	0.5842395424842834	2.9337830543518066	1.888598918914795	0.9339314103126526
0.0	0.1833168864250183	3.253049373626709	1.5192853212356567	2.448843002319336	1.6661556959152222	0.0	0.46327733993530273	0.0	1.2481902837753296	0.02605852484703064	0.0	0.0	0.6318637728691101	0.0	3.3836376667022705	1.6131794452667236	0.487368643283844	2.910855770111084	0.0	1.4191365242004395	2.8869683742523193	7.72492348914966e-05	0.672216534614563	2.0278327465057373	1.3358252048492432	1.5320172309875488	3.0142157077789307	1.7709611654281616	2.5013434886932373	1.9999369382858276	0.37139376997947693	2.0631613731384277	3.598991870880127	0.0	0.6693013310432434	1.2545887231826782	1.569801688194275	0.03418250009417534	0.9924386143684387	3.0840811729431152	0.0	1.0722967386245728	0.0	2.858332872390747	0.0	0.0	0.9616201519966125	2.3623716831207275	1.4178032875061035	0.0	1.063550353050232	0.9973872303962708	3.3309998512268066	2.5842976570129395	0.07185997813940048	0.33376583456993103	0.04577510058879852	1.0718411207199097	0.10956329852342606	0.0	2.37623929977417	1.1648800373077393	0.0
0.0	1.3840209245681763	2.8829755783081055	2.300793409347534	1.473976492881775	0.0	1.4505776166915894	1.7640026807785034	0.594731330871582	1.1292389631271362	0.012430083006620407	0.0	0.0	0.0	0.0	2.486626625061035	0.8351218104362488	0.9786999225616455	1.1529545783996582	0.42946377396583557	1.10104501247406	2.8342533111572266	0.0	0.41099685430526733	1.5128639936447144	1.9375965595245361	0.3234471082687378	3.053093433380127	0.19402608275413513	2.9979779720306396	1.8927234411239624	0.6098639369010925	0.8780961036682129	3.200791835784912	0.0	1.2914572954177856	2.160130262374878	2.6537294387817383	0.7891824245452881	1.4313881397247314	3.7443840503692627	0.0	1.3791751861572266	0.1453133225440979	2.0250837802886963	0.7110510468482971	0.0	0.372771292924881	3.5465035438537598	3.0040416717529297	0.4834353029727936	0.5825255513191223	0.0	1.5302636623382568	2.3190207481384277	0.09232046455144882	0.7661933898925781	0.0	0.0	0.5147665143013	0.21252207458019257	0.8226812481880188	1.112246036529541	0.0
0.0010263704461976886	1.160865306854248	2.759542465209961	2.182492256164551	2.517575979232788	0.015776216983795166	0.0	0.6928218007087708	0.0	2.1734304428100586	0.0	0.478466659784317	0.1515035182237625	0.16292579472064972	0.5618035197257996	3.7223856449127197	1.7384201288223267	0.6461142301559448	2.1177122592926025	0.0	1.4378650188446045	2.373852252960205	0.0	0.3484337627887726	1.3367058038711548	2.393418312072754	1.375288963317871	3.4420061111450195	0.5636229515075684	3.393076181411743	1.8685673475265503	0.5728110074996948	2.1658248901367188	3.2326653003692627	0.0	1.788696050643921	1.4629087448120117	2.4677135944366455	0.11671535670757294	0.9278354048728943	4.127976417541504	0.3235255181789398	1.2825846672058105	0.32668328285217285	2.856858491897583	0.0	0.27056923508644104	0.1410912424325943	2.214961528778076	1.4303381443023682	0.4102414846420288	0.5878933668136597	0.17378300428390503	2.0218939781188965	2.2931196689605713	0.0	0.0	0.08960499614477158	0.0	0.5268589854240417	0.1582920104265213	1.0965687036514282	1.4156132936477661	0.0
0.796037495136261	1.2277557849884033	3.5506937503814697	1.615769386291504	2.190622091293335	0.7960113883018494	1.0778862237930298	0.0	0.08694852143526077	2.221287727355957	0.0	0.1584857851266861	0.0	0.8266404867172241	1.313157558441162	2.562472343444824	0.29542842507362366	0.8062974810600281	1.7740540504455566	0.0	1.2811298370361328	2.668611526489258	0.4005550146102905	0.0	1.1187069416046143	2.018944501876831	1.7429205179214478	3.273080587387085	0.0059151416644454	2.371161699295044	2.1960084438323975	0.13250771164894104	2.0708940029144287	2.99253249168396	0.0	1.3327889442443848	2.3189857006073	2.2801289558410645	0.2697174847126007	0.7177931666374207	3.919686794281006	0.27720120549201965	0.6344470381736755	0.7890627384185791	3.4552903175354004	0.4122667610645294	0.0	0.9964107871055603	2.0765843391418457	1.931265115737915	0.08869366347789764	0.45930370688438416	0.07432790845632553	1.5562609434127808	2.0517477989196777	0.3399193584918976	0.0	0.822391927242279	0.28467047214508057	0.8289356827735901	0.8563765287399292	1.7183001041412354	1.7684491872787476	0.0
0.0	0.11361853778362274	2.242007255554199	0.9713287949562073	0.17872564494609833	0.0	3.7169363498687744	2.8344595432281494	2.5455148220062256	0.0	0.1002010777592659	0.0	0.0	0.0	0.0	0.5300430059432983	0.5821736454963684	1.0045732259750366	0.0	0.9263870120048523	0.0	2.328439235687256	1.662259578704834	1.8502483367919922	1.6328271627426147	0.0	0.0	0.0	0.6911128163337708	1.1348021030426025	2.302579879760742	2.159972906112671	0.832791805267334	0.0	2.434748649597168	0.47945523262023926	2.0526750087738037	2.3351547718048096	0.12065305560827255	1.8314307928085327	0.0	0.7747195363044739	0.26919373869895935	2.330270767211914	0.0	2.6418135166168213	0.0	0.659218966960907	3.8312039375305176	4.033292293548584	0.952811062335968	0.0	0.0	2.3551831245422363	0.8929818868637085	1.063609004020691	0.0	0.0	0.2953249514102936	1.3556294441223145	1.2392375469207764	0.0	0.0	0.35845786333084106
1.2090638875961304	0.38714835047721863	2.723339557647705	1.9721271991729736	2.626204252243042	0.0	1.2314295768737793	0.25053295493125916	0.0	3.204181432723999	0.0	1.0408166646957397	0.5808070302009583	0.0	2.7775564193725586	3.1239240169525146	0.5126388072967529	0.8626739978790283	2.352468729019165	0.24147216975688934	1.1767159700393677	1.7947983741760254	0.9950686693191528	0.0	0.49480411410331726	2.118619203567505	1.1773936748504639	3.129204034805298	0.3441047668457031	2.3992016315460205	1.6696051359176636	0.0	2.128469228744507	3.1558871269226074	0.0	2.06054425239563	1.9958101511001587	1.816024661064148	0.6471527814865112	0.4799555540084839	4.1002302169799805	0.7065665125846863	0.0	1.40915048122406	3.35660457611084	0.40172043442726135	0.33577844500541687	0.5479406118392944	1.2207543849945068	1.6121643781661987	0.3624551296234131	0.3227410912513733	0.0	1.172480583190918	2.5717079639434814	0.9152278304100037	0.0	1.8797420263290405	0.33830174803733826	0.37035703659057617	1.3568353652954102	0.3683258295059204	1.146592617034912	0.0
0.0	1.3030593395233154	1.61554753780365	1.3405022621154785	1.9875657558441162	0.3259353041648865	0.37904754281044006	0.0	0.0	2.1755287647247314	0.0	0.0	0.0	0.9237644672393799	0.0	2.1470117568969727	1.1660072803497314	0.8894160389900208	2.5896241664886475	0.0	1.0604031085968018	1.782199501991272	0.0	0.0	0.8494413495063782	1.3494538068771362	2.196439266204834	3.2175116539001465	0.1731937974691391	1.7726496458053589	1.5781573057174683	0.0	2.302586078643799	2.9119319915771484	0.0	1.4022010564804077	0.290096253156662	1.2927054166793823	0.5122451782226562	1.1129717826843262	4.102579593658447	0.40309643745422363	1.5069700479507446	0.0	1.8422445058822632	0.0	0.0	0.3422691524028778	2.5954415798187256	1.3052438497543335	0.415378212928772	1.2494183778762817	0.40390855073928833	2.305286169052124	1.3672348260879517	0.0	0.0	0.0	0.0	1.423631191253662	0.4288672208786011	1.5221750736236572	2.164710760116577	0.0
0.0	3.2639567852020264	0.0	2.4754905700683594	0.848523736000061	2.576547384262085	1.1642345190048218	0.35709425806999207	1.6496295928955078	0.2869696021080017	1.8299320936203003	0.0	0.7854748368263245	1.1146842241287231	2.7301154136657715	0.0	2.9015848636627197	2.870530843734741	0.41182833909988403	1.2285836935043335	2.3928983211517334	0.29418906569480896	0.861140787601471	1.1974695920944214	1.5831806659698486	0.025341371074318886	1.4756988286972046	2.3980207443237305	1.1928880214691162	1.0524553060531616	0.9582223892211914	0.12586623430252075	1.2601121664047241	0.0	0.0	2.914828300476074	0.3928654193878174	0.0	4.128414630889893	0.3371715545654297	1.105383038520813	0.16171781718730927	4.2644147872924805	0.740727424621582	1.0904335975646973	0.7372658252716064	2.1685705184936523	0.9860783219337463	3.953429698944092	1.0037591457366943	1.4455474615097046	1.5098600387573242	2.9679629802703857	0.3209635615348816	0.0	0.0	1.1927275657653809	1.3246632814407349	1.5289415121078491	2.3607566356658936	0.26270541548728943	1.8898906707763672	1.320582628250122	1.6811590194702148
1.9064334630966187	0.004362207371741533	1.463843584060669	0.0	2.390519142150879	2.759603500366211	2.9423036575317383	1.0090926885604858	0.8526821732521057	4.133206844329834	0.4446113705635071	2.722571611404419	0.3432164490222931	0.0	3.3896169662475586	1.5523215532302856	0.4191388785839081	0.14477676153182983	2.2208282947540283	0.03284713625907898	0.0	0.0	2.9465854167938232	0.09789302945137024	0.0	1.8616794347763062	0.8353668451309204	2.209348678588867	1.2880405187606812	0.0	1.0281466245651245	1.1617300510406494	1.3191646337509155	1.87134850025177	0.3926979899406433	1.3776178359985352	0.8218859434127808	0.0	0.42166927456855774	0.0430285669863224	2.954732656478882	2.3039493560791016	0.0	3.3953609466552734	1.6813217401504517	1.554970145225525	0.7059162855148315	0.2429019957780838	0.20223940908908844	0.28673255443573	0.6215918660163879	0.0	1.7480788230895996	0.5471526384353638	2.41931414604187	1.869166374206543	0.5627238750457764	2.1991522312164307	1.8663606643676758	0.0	1.820971131324768	0.13399887084960938	1.4176340103149414	0.12943826615810394
0.0	1.4304254055023193	2.9919209480285645	2.2308461666107178	1.620282769203186	0.0	0.8059516549110413	0.9427011609077454	0.37881380319595337	0.9762144684791565	0.06620717793703079	0.0	0.0	0.0	1.4135866165161133	3.217623233795166	0.6716223955154419	1.0846490859985352	1.5123677253723145	0.0	1.5610707998275757	2.6929893493652344	0.0	0.26986822485923767	1.1001133918762207	1.5522432327270508	0.9293591976165771	3.386404275894165	0.09847890585660934	3.3777811527252197	2.396307945251465	0.40161728858947754	1.4961551427841187	3.1594350337982178	0.0	1.302076816558838	1.7076038122177124	2.4024574756622314	0.33206096291542053	1.1853493452072144	3.8929803371429443	0.0	1.4003313779830933	0.0	2.734628915786743	0.14609821140766144	0.15677253901958466	0.3089810311794281	3.014202833175659	2.218654155731201	0.5222292542457581	0.6562554836273193	0.0	1.6628726720809937	2.125922679901123	0.0	0.4407322406768799	0.019659480080008507	0.0	0.7113872170448303	0.41320091485977173	1.2510179281234741	1.5113184452056885	0.0
3.474727153778076	3.3390259742736816	0.0	0.1568230837583542	0.0	2.123530864715576	1.7292248010635376	1.6822057962417603	1.612326979637146	3.2545223236083984	1.648480772972107	3.094792127609253	0.33280858397483826	1.0137876272201538	4.122193336486816	0.0	0.18382588028907776	1.4420804977416992	1.7178717851638794	1.6062384843826294	1.1708213090896606	0.6085161566734314	0.0	0.5734220147132874	0.5624168515205383	1.4999370574951172	0.7545085549354553	1.712816834449768	0.0	0.7679321765899658	0.2941071689128876	0.14122791588306427	0.12845313549041748	1.6220213174819946	2.1716930866241455	0.70750892162323	0.0	1.0262969732284546	1.9431201219558716	1.2344608306884766	0.31672993302345276	1.5230669975280762	0.0	2.306969165802002	0.0	1.5787252187728882	0.3653908967971802	0.8394055366516113	0.0	0.20161166787147522	0.40754827857017517	0.05675242096185684	2.192464828491211	3.092724323272705	2.96061372756958	0.7638921737670898	1.7733430862426758	3.063399314880371	0.5469220876693726	2.4053218364715576	0.6920515298843384	0.7411588430404663	0.5113617777824402	1.3260068893432617
1.1910958290100098	0.3401353657245636	1.669878602027893	0.5123811960220337	0.0	0.20594485104084015	2.6174304485321045	3.0241494178771973	3.0833208560943604	1.2376526594161987	0.42770299315452576	1.1700557470321655	0.0	0.050602518022060394	0.3500522971153259	0.0	0.5254048109054565	0.6380427479743958	0.5134665369987488	1.2373157739639282	0.01246572844684124	1.3141558170318604	1.0236308574676514	1.2009190320968628	1.8741586208343506	1.1177542209625244	0.0	0.10377539694309235	1.4639713764190674	1.0169185400009155	1.3478235006332397	2.1566741466522217	0.3224860727787018	0.7369327545166016	2.919706344604492	0.0	1.8137763738632202	2.3653368949890137	0.3569149971008301	2.0954909324645996	0.0	1.7626392841339111	0.0	3.9680395126342773	0.08792190253734589	2.7792747020721436	0.0	1.7466543912887573	2.1830484867095947	4.20699405670166	0.8288402557373047	0.0	0.29587075114250183	1.9669855833053589	3.89457106590271	1.7221839427947998	0.051107682287693024	0.04050071910023689	0.7613723874092102	2.231449604034424	1.0483835935592651	0.4490908086299896	0.0	0.0
0.0	0.27101072669029236	1.439721941947937	1.8852566480636597	0.4928518533706665	0.0	3.9161202907562256	2.4753146171569824	1.9918265342712402	0.0	0.0	0.0	0.5958928465843201	0.0	0.0	0.6267799139022827	1.2799124717712402	0.7441639304161072	0.0	0.7356081008911133	0.0	2.0693039894104004	0.7782469987869263	1.7962489128112793	1.7175101041793823	0.0	0.49962273240089417	0.0	0.5866967439651489	1.9871227741241455	2.6085474491119385	2.0400140285491943	1.3281265497207642	0.0	1.7884529829025269	0.8314177989959717	2.3209280967712402	2.208372116088867	0.5787938237190247	1.4519466161727905	0.008729352615773678	0.20490047335624695	1.6866304874420166	0.9465658664703369	0.41112789511680603	1.9719324111938477	0.3034968972206116	1.0555086135864258	4.795203685760498	3.9796841144561768	0.7755525708198547	0.002149787964299321	0.0	1.7628774642944336	0.4757567048072815	1.235197901725769	0.0	0.0	0.13594463467597961	0.0	1.1142287254333496	0.38081955909729004	0.0	0.3398849070072174
1.4122685194015503	0.0	2.0390448570251465	0.0	3.0591917037963867	0.23713983595371246	1.377013921737671	0.0	0.12841816246509552	3.8990960121154785	0.0	0.9519816637039185	0.7720299959182739	0.0	4.2555766105651855	1.8910506963729858	0.0	0.0	2.5193796157836914	0.0	0.1261419802904129	0.0	3.578550338745117	0.0	0.0	1.3946070671081543	0.0	2.2620394229888916	1.7689133882522583	0.0	1.8627678155899048	0.7954787015914917	0.5099355578422546	2.8535451889038086	0.24113407731056213	1.8069411516189575	0.5667115449905396	0.0	0.0	0.026849670335650444	3.5023534297943115	2.1805760860443115	0.0	3.3959951400756836	2.428722381591797	0.9239412546157837	0.0	0.5965079069137573	0.0	0.2692162096500397	0.21421369910240173	0.0	0.1739896833896637	0.0	2.130424976348877	1.969629168510437	0.002882904140278697	3.250901460647583	1.0116957426071167	0.693035900592804	2.226910352706909	0.0	0.0	0.1904807686805725
0.0	0.9308179020881653	3.2441816329956055	1.9894623756408691	2.4772653579711914	0.15282197296619415	0.24740052223205566	0.7952002882957458	0.0	1.91986083984375	0.010082971304655075	0.0	0.0	0.0	0.22243346273899078	2.9666976928710938	1.1590296030044556	0.7879242300987244	1.9784799814224243	0.0	0.841858446598053	2.6652567386627197	0.0017722795018926263	0.18065263330936432	1.6988272666931152	1.5856209993362427	0.9273982048034668	3.126661539077759	0.30323195457458496	3.011842966079712	1.659051775932312	0.5030565857887268	1.6391878128051758	3.125884771347046	0.0	1.5292742252349854	1.3770973682403564	2.548466444015503	0.19919374585151672	1.3448340892791748	3.956136465072632	0.21210142970085144	1.1754498481750488	0.07924219965934753	2.417567253112793	0.0	0.0	0.5793130993843079	3.318608283996582	2.576878786087036	0.17443321645259857	0.6394321918487549	0.033951129764318466	2.044069290161133	2.348404884338379	0.23290342092514038	0.0	0.0	0.0	0.9363319873809814	0.2554759979248047	0.9702550768852234	1.290077567100525	0.0
1.5999200344085693	0.0	2.2630577087402344	0.0	3.2770094871520996	1.0480284690856934	2.100456476211548	0.3041189908981323	0.0	3.845543146133423	0.0	1.1896510124206543	1.1347639560699463	0.0	4.347509384155273	1.6907155513763428	0.0943836122751236	0.0	2.53113055229187	0.6119666695594788	0.3716544508934021	0.0	3.836442708969116	0.0	0.0	1.1856776475906372	0.13199788331985474	2.102476119995117	1.9815465211868286	0.0	1.2601687908172607	1.111903429031372	1.0220447778701782	2.7061479091644287	0.10128950327634811	1.7813663482666016	0.48684656620025635	0.0	0.12393461167812347	0.05640024691820145	3.3393397331237793	1.4823410511016846	0.23873689770698547	4.05113410949707	2.159315347671509	0.9381697177886963	0.010094455443322659	0.7416931986808777	0.0	0.05672747269272804	0.03717728331685066	0.006107408553361893	0.4912656545639038	0.13154339790344238	2.6007282733917236	2.47733998298645	0.0	3.095503568649292	1.2553421258926392	0.0	2.948120594024658	0.0	0.0	0.2035806030035019
1.7861900329589844	0.0	1.366783618927002	0.0	2.661940574645996	2.2138330936431885	1.604709506034851	0.8940619230270386	0.7736766338348389	4.265614986419678	0.0	2.4771857261657715	0.6823347210884094	0.0	3.395277976989746	1.1078647375106812	1.0718281269073486	0.6280332803726196	1.6284875869750977	0.2211792916059494	0.0	0.0	2.9976003170013428	0.253137469291687	0.1567428708076477	0.5408488512039185	0.0	2.6846885681152344	1.799576759338379	0.05610506236553192	0.7380736470222473	0.8727423548698425	0.9278894066810608	1.8022105693817139	0.0	2.408607244491577	0.6177816390991211	0.0	0.0	0.0	3.755889415740967	1.033717393875122	1.1553767919540405	3.311333417892456	1.6337639093399048	1.6799569129943848	0.7738242149353027	1.0422357320785522	0.7498430609703064	0.4974035620689392	0.07020985335111618	0.7035743594169617	1.344640851020813	0.0	1.449902892112732	2.546055555343628	0.26871606707572937	2.102058172225952	1.469901204109192	0.0	2.3623046875	0.0	0.0	0.2471778690814972
1.4058188199996948	0.6183344721794128	3.049187183380127	1.3322093486785889	2.0935261249542236	2.558316230773926	0.0	0.0	0.0	2.871131658554077	0.47164013981819153	1.2570451498031616	0.0	1.0325273275375366	0.9396160840988159	3.075673818588257	1.3246790170669556	0.8918014764785767	2.7198073863983154	0.0	1.842168927192688	2.78129243850708	0.337625652551651	0.07334116101264954	1.7468336820602417	1.9849830865859985	1.5832850933074951	3.1826069355010986	0.5747316479682922	2.5207338333129883	1.2945175170898438	0.0	1.8840816020965576	3.6572680473327637	0.0	1.4912306070327759	0.8770532608032227	1.1953152418136597	0.38485902547836304	1.6070891618728638	3.706162452697754	0.8454327583312988	0.20432382822036743	0.5834463834762573	3.025909662246704	0.21041056513786316	0.0	0.8112739324569702	0.34702175855636597	1.226433515548706	0.19670158624649048	0.7287874817848206	0.9037895798683167	2.830421209335327	2.2847418785095215	0.11594370752573013	0.0	0.7082362771034241	1.2628470659255981	0.4785671532154083	1.1961768865585327	2.3394224643707275	1.6648906469345093	0.21191507577896118
0.812804639339447	0.0	1.8629910945892334	1.2635304927825928	0.7092974185943604	1.1832555532455444	2.5478224754333496	0.5879734754562378	0.25725632905960083	0.0	0.48885685205459595	0.0	2.0015475749969482	0.0	2.3969030380249023	0.8084720969200134	3.4949941635131836	0.9049487709999084	0.0	0.8219082355499268	1.5435574054718018	0.8305307030677795	3.5425119400024414	1.0171267986297607	1.8204368352890015	0.0	0.6513869166374207	0.0	3.1894919872283936	0.7593775391578674	0.7450845241546631	0.8770105242729187	1.0351409912109375	0.0	0.0	2.6655945777893066	0.15956591069698334	0.03135303035378456	2.3554699420928955	0.19204440712928772	0.8710564374923706	0.0	3.3377718925476074	3.334289789199829	0.41786375641822815	0.11176236718893051	1.4234812259674072	1.7754634618759155	2.7103841304779053	1.7189141511917114	0.5494601130485535	2.365633249282837	1.4323219060897827	1.8249783515930176	0.0	2.201493978500366	0.949696958065033	1.496483564376831	0.7490832805633545	2.155656576156616	2.571403980255127	1.6470342874526978	0.9117942452430725	0.0
3.4994306564331055	1.9764974117279053	1.00663423538208	0.7692402005195618	0.02035023644566536	1.2379668951034546	1.1440190076828003	2.9298691749572754	2.376461982727051	1.207589030265808	1.1940990686416626	3.852907419204712	0.0	0.7517539858818054	1.8935459852218628	0.05191522464156151	0.13692639768123627	1.3898464441299438	0.533699095249176	1.7932080030441284	0.05151769518852234	0.9342922568321228	0.5524710416793823	1.2972972393035889	1.5470999479293823	2.696882486343384	0.3359966278076172	0.7337434887886047	0.18094320595264435	0.4980141818523407	0.44164738059043884	2.168842077255249	0.5413243770599365	2.316821336746216	3.532811164855957	0.0	1.0057148933410645	1.9454456567764282	0.39860060811042786	1.9726020097732544	0.6439831852912903	2.0618207454681396	0.0	2.720726251602173	0.18789976835250854	2.5937559604644775	0.11744542419910431	0.8282755613327026	0.0955556184053421	1.225600242614746	0.5386565923690796	0.0	0.6167777180671692	2.2269012928009033	4.773839950561523	1.6053004264831543	1.1539759635925293	0.6438837051391602	1.0074372291564941	3.2481160163879395	0.6614789962768555	0.865508496761322	0.18920588493347168	0.8372693657875061
1.363486886024475	0.3017013967037201	1.426619052886963	0.0	3.066152572631836	0.0	2.0239970684051514	0.44268178939819336	0.5008165836334229	3.709488868713379	0.0	1.4510536193847656	0.8093463182449341	0.0	4.103124141693115	1.3755714893341064	0.0	0.0	1.8138394355773926	0.14404207468032837	0.0	0.0	2.5779430866241455	0.0	0.0	1.6629934310913086	0.0	2.809758424758911	0.9848634004592896	0.05711142346262932	1.275589108467102	0.4539530277252197	0.0	3.207915782928467	0.2910695970058441	0.9685550928115845	0.43020379543304443	0.0	0.0	0.009469332173466682	3.622344970703125	1.9147623777389526	0.16674625873565674	3.4243240356445312	1.8003774881362915	1.4719055891036987	0.0	0.4326033890247345	0.0	0.4422856867313385	0.0	0.0	0.0	0.0	2.676809310913086	1.9076603651046753	0.013320819474756718	2.2774064540863037	1.4186062812805176	0.095319002866745	2.3830361366271973	0.0	1.0745408535003662	0.0
0.0	2.7257163524627686	0.0	1.9476803541183472	0.0	1.4813059568405151	0.0	0.0	2.829725742340088	0.44624507427215576	1.012650728225708	1.4030824899673462	0.0	1.2408642768859863	2.6063528060913086	0.0	1.1900526285171509	2.449589729309082	0.0	2.299363374710083	0.0	0.0	0.0	1.006355881690979	0.2217993438243866	0.0	0.982779860496521	1.2464275360107422	0.0	0.6554294228553772	0.5234941840171814	0.7725685834884644	0.9358576536178589	0.0	1.8656731843948364	0.5912542343139648	0.0	0.0	2.4695935249328613	0.0473518967628479	0.8503075838088989	1.1334664821624756	2.206514835357666	1.8550034761428833	0.0	1.0082510709762573	1.1875947713851929	0.0	4.09428596496582	1.305675745010376	1.1913578510284424	0.5799983143806458	2.5161025524139404	0.0	0.0	0.8128628730773926	1.6837244033813477	1.3162518739700317	0.5979765057563782	2.864154815673828	0.0	1.3140517473220825	0.8576853275299072	1.2991174459457397
3.965935707092285	3.3661048412323	0.029607350006699562	2.052008628845215	0.0	1.8349132537841797	1.9360157251358032	2.70271897315979	1.2136728763580322	1.1986057758331299	2.010010004043579	3.6001579761505127	1.0630382299423218	1.602239966392517	3.3257768154144287	0.3706050515174866	3.1578102111816406	1.027801513671875	1.5230915546417236	1.7940459251403809	1.383423924446106	0.40014395117759705	0.0	0.5941395163536072	0.6374815106391907	2.5331437587738037	0.8050128221511841	1.4636446237564087	0.5155032873153687	1.5089857578277588	0.3446508049964905	0.8048142790794373	0.17734530568122864	0.8798602223396301	2.370400905609131	1.971750020980835	0.3103378117084503	1.8753454685211182	3.349060297012329	1.2138314247131348	0.0	2.19285249710083	2.806135654449463	2.6400794982910156	0.9290559887886047	0.44920527935028076	0.7399157285690308	1.2337369918823242	1.1178817749023438	0.34906014800071716	1.1482774019241333	0.9116889238357544	2.023402452468872	2.1364426612854004	3.0096662044525146	1.2070951461791992	1.5093220472335815	2.141925573348999	1.3259830474853516	2.407242774963379	1.4219081401824951	0.9208645820617676	0.505370557308197	1.2633494138717651
1.573991060256958	0.6412141919136047	1.5007808208465576	0.6152758002281189	0.726373553276062	2.920673131942749	3.7217917442321777	1.80561363697052	0.29074332118034363	0.8757174015045166	0.0	0.9428320527076721	1.9734991788864136	0.7619756460189819	0.7348178029060364	0.1401485800743103	3.8899054527282715	0.4062937796115875	1.0011529922485352	0.5038180351257324	2.3638317584991455	0.750505268573761	4.509027004241943	1.1415101289749146	1.67853581905365	0.4715941548347473	0.19946542382240295	0.9990081787109375	3.468052625656128	0.9054109454154968	0.8675110340118408	0.9992841482162476	0.8992619514465332	0.0	0.0	2.5300028324127197	0.0	0.0	2.6216444969177246	0.9483963251113892	1.3823792934417725	0.0	2.6350514888763428	2.8001272678375244	0.2083328664302826	0.7291362285614014	0.9535945057868958	2.713728666305542	1.7191097736358643	0.7051272988319397	0.0	1.749936580657959	1.6589195728302002	3.040078639984131	0.0	1.9845759868621826	1.4456008672714233	0.6083713173866272	1.5869890451431274	0.12071563303470612	2.927210807800293	1.3459012508392334	0.0	0.2699833810329437
0.0	0.9915801882743835	3.018763542175293	2.152982234954834	1.6975709199905396	0.5525558590888977	0.0	1.0827585458755493	0.08185005187988281	1.225362777709961	0.0	0.0	0.5312957763671875	0.22136534750461578	0.0	2.958963394165039	1.4378191232681274	1.2020937204360962	1.5559347867965698	0.0	1.47495436668396	2.745697498321533	0.0	0.2955949902534485	1.6771904230117798	1.9284471273422241	1.194852590560913	3.5511484146118164	0.2863856554031372	3.3763322830200195	2.209411859512329	0.7642365097999573	2.059704542160034	3.3490359783172607	0.0	1.6800721883773804	1.4642152786254883	2.361438274383545	0.3840351998806	1.1684439182281494	4.4029436111450195	0.0	1.4405391216278076	0.0	2.58781099319458	0.0	0.0022760445717722178	0.9839103817939758	2.8118700981140137	1.9450349807739258	0.26984959840774536	0.6139832139015198	0.018173428252339363	2.597973346710205	2.307997226715088	0.0	0.0	0.12004447728395462	0.0	0.6252127885818481	0.21818432211875916	1.482469081878662	1.4013556241989136	0.0
0.0	0.8575589656829834	1.6521635055541992	1.3467226028442383	0.5946753025054932	0.840872585773468	3.87176513671875	2.7189791202545166	3.589803695678711	0.0	0.8856983184814453	0.49939894676208496	0.2563892602920532	0.6951241493225098	0.0	0.31138917803764343	0.6072272062301636	1.830466389656067	0.0	1.2338448762893677	0.9763355255126953	1.8441530466079712	1.2751191854476929	1.0486419200897217	1.085876226425171	3.001939535140991	0.8535431027412415	0.219472274184227	0.9226841330528259	1.0535866022109985	2.216010332107544	2.658816337585449	0.8673820495605469	1.2663991451263428	3.196349859237671	1.126607894897461	1.5234352350234985	2.066882848739624	0.38332056999206543	2.22672963142395	0.4136671721935272	1.1845779418945312	0.825588583946228	1.779853343963623	0.0	1.5095176696777344	1.290381669998169	0.5376574993133545	2.7063827514648438	3.444157123565674	1.7758039236068726	1.293646216392517	1.2986453771591187	2.677016019821167	2.948103189468384	0.9500076770782471	2.0564281940460205	0.0	0.0	1.549079179763794	1.2872295379638672	1.0354849100112915	0.4304564893245697	0.14366476237773895
3.5217113494873047	3.780491590499878	0.8231068253517151	0.783534049987793	0.33441245555877686	1.1901640892028809	0.38294705748558044	2.259862184524536	0.7167455554008484	2.5246810913085938	2.4824304580688477	3.0452330112457275	0.1549481600522995	2.0835142135620117	3.8802592754364014	0.37750065326690674	0.0726858600974083	0.2784489393234253	1.5226309299468994	0.8393074870109558	0.42938247323036194	0.5938463807106018	0.29898592829704285	0.5948726534843445	0.0	3.9974234104156494	0.2649647891521454	1.4821337461471558	0.29997870326042175	0.40626588463783264	0.4385383427143097	0.41867882013320923	0.0	2.7210094928741455	3.381509780883789	1.045608401298523	0.6840283274650574	2.2309494018554688	2.2046611309051514	1.1195917129516602	0.0	2.5679543018341064	0.0	2.108865261077881	0.839246928691864	0.0	0.2592701315879822	0.1233508512377739	0.0	0.7086788415908813	0.8898527026176453	0.06746342778205872	0.0	1.3965555429458618	4.264143943786621	1.0691505670547485	1.3250346183776855	1.9030115604400635	0.0835617408156395	2.872542142868042	0.7736667990684509	0.9944831132888794	0.41251808404922485	1.6933221817016602
1.2345092296600342	0.0	2.293532371520996	0.0	3.4651694297790527	0.0	2.5823493003845215	1.072752594947815	0.009198428131639957	3.742016553878784	0.0	1.0808653831481934	1.4344078302383423	0.19536294043064117	3.3981142044067383	2.206211566925049	0.11270397901535034	0.0	2.1543684005737305	0.16099677979946136	1.4233949184417725	0.4933546781539917	4.15000581741333	0.0	0.02900712750852108	1.1921175718307495	0.0	2.332554578781128	2.3331587314605713	0.0	0.8849232196807861	0.8668955564498901	0.6117337346076965	2.9610073566436768	0.0	1.6250863075256348	0.0010615790961310267	0.0	0.007909953594207764	0.16358716785907745	3.950195550918579	1.4606600999832153	0.34947669506073	3.609182357788086	1.5997251272201538	0.7731184959411621	0.0	1.4958800077438354	0.0	0.0	0.05666971951723099	0.48848241567611694	0.41754403710365295	0.2790403366088867	1.9583269357681274	2.382625102996826	0.0	2.3357129096984863	1.6228655576705933	0.39386361837387085	2.8077077865600586	0.5310797691345215	0.0	0.520470380783081
0.0	0.1697302907705307	1.7358566522598267	1.885628342628479	0.746749222278595	0.36095932126045227	3.2608208656311035	2.3248226642608643	2.419302225112915	0.0	0.0	0.5090683698654175	0.1257936954498291	0.0	0.0	1.094775915145874	1.828092098236084	1.3147919178009033	0.0	1.081334114074707	0.3537714183330536	2.3179640769958496	0.5619363784790039	1.43262779712677	2.3690314292907715	0.0	0.22031788527965546	1.154496431350708	1.6730737686157227	2.4063189029693604	2.2967939376831055	2.2251107692718506	1.7336238622665405	0.09088292717933655	1.8270986080169678	0.52590012550354	2.0534627437591553	1.992822289466858	0.8311862945556641	2.260995626449585	0.6679589748382568	0.4982404112815857	1.7582247257232666	1.4374241828918457	0.7223795056343079	2.0738141536712646	0.0	1.1965175867080688	4.606715679168701	3.8633108139038086	0.412261039018631	0.20977413654327393	0.6057949066162109	2.4766488075256348	1.8076133728027344	1.234554648399353	0.8739684820175171	0.0	0.8586992621421814	0.29710617661476135	0.7455352544784546	1.5903246402740479	0.5973045825958252	0.0
0.0	4.119536876678467	0.5655057430267334	1.649189829826355	0.38151460886001587	3.288896322250366	0.25356271862983704	0.017354996874928474	2.6524600982666016	0.3628617525100708	1.453788161277771	0.7104480862617493	0.0	0.19021087884902954	2.933377742767334	0.0	3.276353359222412	3.1673314571380615	0.09945705533027649	0.9731805920600891	1.7567132711410522	0.0	0.0	1.2902532815933228	0.8952946066856384	0.033569175750017166	1.3948744535446167	3.1379201412200928	1.0277867317199707	1.0499529838562012	0.7203928232192993	0.030423356220126152	1.3020989894866943	0.6551833748817444	0.12158440053462982	2.6740384101867676	0.24971097707748413	0.0	3.743655204772949	0.08784940838813782	2.171154260635376	0.0	4.091957092285156	0.0	0.32763800024986267	1.0910457372665405	2.0886900424957275	0.0	3.92258882522583	0.7567704916000366	0.9280980825424194	1.2849119901657104	2.551645040512085	0.0	0.0	0.0	1.0167804956436157	0.8675267696380615	0.8337895274162292	1.8197028636932373	0.0	1.5386555194854736	1.3279956579208374	0.9259263277053833
0.0	0.4360637664794922	0.2884021997451782	0.9214105606079102	1.157967209815979	1.1073999404907227	4.1931657791137695	1.2476527690887451	0.0	0.8777819871902466	0.38007819652557373	0.0	0.9291338324546814	2.768094539642334	0.0	0.4026487171649933	0.8739892840385437	1.0181982517242432	1.807892084121704	0.2620749771595001	1.7490832805633545	2.1353707313537598	2.0430331230163574	0.3807583749294281	1.21552312374115	0.6864767074584961	3.138408660888672	0.0	1.2428253889083862	0.0	1.4083433151245117	0.0	2.217374086380005	0.0	0.565510094165802	1.3585361242294312	0.5843511819839478	0.0	0.11086826026439667	0.94045090675354	0.8252029418945312	0.013989481143653393	1.027023196220398	1.3676496744155884	0.18780404329299927	0.0	0.10110858827829361	2.6241278648376465	1.1213465929031372	1.9073610305786133	0.8814479112625122	1.2157961130142212	2.720513343811035	3.676708936691284	0.016518402844667435	0.0	0.7336975932121277	0.18995481729507446	0.463274210691452	2.3461573123931885	1.2734341621398926	1.729591965675354	1.734805941581726	0.8211148381233215
