1.3810977935791016	1.6639461517333984	0.766004741191864	1.9606359004974365	0.10887693613767624	2.0811588764190674	0.0	0.0	2.9450395107269287	1.3590290546417236	1.8551698923110962	2.9087002277374268	1.5974416732788086	0.7571661472320557	1.132961392402649	0.6534860730171204	2.333324432373047	1.848185658454895	0.0	1.3559640645980835	0.9014820456504822	0.47187340259552	0.8171420693397522	1.4808874130249023	0.2754462659358978	1.9081387519836426	1.9595921039581299	3.0750303268432617	0.1243155375123024	0.19589410722255707	0.2591532766819	0.0	0.0	2.3679189682006836	0.3003521263599396	0.3610544204711914	0.04702691361308098	0.5998790264129639	1.4590349197387695	1.0071378946304321	0.0	0.2760658264160156	0.8945244550704956	1.2957735061645508	0.34212130308151245	0.5701932311058044	2.3703038692474365	0.0	0.537293553352356	1.7361321449279785	3.8332278728485107	3.8634750843048096	1.3702070713043213	0.4139024615287781	0.45266664028167725	1.3420048952102661	0.9579096436500549	4.632648944854736	0.8340424299240112	1.9942892789840698	0.0	1.9881707429885864	2.0111727714538574	3.4832165241241455
1.5443942546844482	0.7606996297836304	0.0	0.0	1.9097079038619995	2.4688994884490967	1.341080904006958	0.16297422349452972	2.0669775009155273	4.720646381378174	0.0	1.1379584074020386	0.0	0.0	2.199669599533081	1.6876670122146606	0.0	0.0	0.9496127963066101	0.6398242115974426	0.5613613724708557	1.0588274002075195	1.987397313117981	0.0	0.17004723846912384	0.6577652096748352	1.179662823677063	1.7305724620819092	0.17209988832473755	0.6902799606323242	1.0581272840499878	0.5197632312774658	2.0965192317962646	2.029625415802002	1.3574994802474976	3.2836754322052	1.8507771492004395	0.5122297406196594	0.09239867329597473	0.0	3.672405481338501	0.8820245862007141	0.0	2.1873483657836914	2.3908350467681885	1.42086660861969	0.0	2.587592124938965	1.8858985900878906	0.43168914318084717	0.7707542181015015	0.0	0.5662405490875244	0.4413065016269684	2.596622943878174	0.2758757174015045	0.0	2.665792942047119	0.6167210340499878	0.09692757576704025	1.5597118139266968	0.4468037486076355	0.16175298392772675	0.8258583545684814
0.7388939261436462	2.0703325271606445	2.466284990310669	2.3123717308044434	0.706615149974823	2.21726131439209	2.207014799118042	1.6863548755645752	3.631455183029175	2.2728376388549805	2.539609432220459	1.955901861190796	2.647730588912964	2.482666015625	0.42484548687934875	1.6795272827148438	1.3943414688110352	2.5108304023742676	1.1101932525634766	0.10234212130308151	0.8955045938491821	1.3857043981552124	1.7407501935958862	1.6848297119140625	1.7191627025604248	1.7875316143035889	1.7630442380905151	1.5209044218063354	1.2386105060577393	2.0518975257873535	0.5591592192649841	0.8966115117073059	0.5012381076812744	1.1029773950576782	3.2871830463409424	1.2666014432907104	2.275785207748413	2.6951892375946045	1.1234050989151	2.3279757499694824	0.3443293571472168	3.3489222526550293	0.6777490377426147	1.9863003492355347	0.4385460615158081	1.631529688835144	1.5098087787628174	0.38206619024276733	1.2944351434707642	3.4632365703582764	1.6246802806854248	1.883584976196289	0.6193661093711853	2.6692442893981934	0.9725047945976257	0.8440930843353271	1.7821707725524902	1.4576913118362427	1.210383415222168	1.1790934801101685	0.45119068026542664	2.9407403469085693	1.6256412267684937	3.5707762241363525
0.6375724077224731	2.1627113819122314	0.0	1.9800591468811035	0.46189308166503906	2.9026193618774414	0.0	0.6958567500114441	1.8763799667358398	0.5865614414215088	1.421645998954773	2.5093934535980225	1.335385799407959	0.6685349345207214	0.9199048280715942	0.7951714992523193	2.080024242401123	2.7858688831329346	0.07069431990385056	1.456381916999817	1.740045189857483	0.5519148111343384	0.6204355359077454	1.9997137784957886	0.10475057363510132	1.3660924434661865	2.2039730548858643	3.1651642322540283	1.0647333860397339	0.6004383563995361	0.008500429801642895	0.0	0.0	2.1750247478485107	1.5813065767288208	1.6030678749084473	0.025983644649386406	1.1317636966705322	2.1387228965759277	1.132411003112793	0.3527604937553406	0.718599796295166	2.0471456050872803	0.0	0.6204330921173096	1.0653632879257202	2.3707425594329834	0.0	0.4528175890445709	1.3689460754394531	4.333834648132324	4.301207065582275	1.766804575920105	1.7150921821594238	0.39300215244293213	1.0687389373779297	0.8327480554580688	4.12596321105957	0.0	1.1792010068893433	0.0	0.9211567640304565	1.9389100074768066	4.1249918937683105
0.32936766743659973	0.6983967423439026	2.472665548324585	3.149378538131714	0.24710878729820251	0.6438029408454895	2.428805112838745	2.5616044998168945	1.6575838327407837	1.4325592517852783	1.4731873273849487	1.3099770545959473	2.290419816970825	1.8391953706741333	0.08032558858394623	0.5816448926925659	1.027037501335144	2.153414011001587	0.17034725844860077	0.7765055298805237	0.318512499332428	1.9797582626342773	2.77388334274292	1.2576878070831299	2.3229150772094727	0.6753395795822144	0.770346462726593	0.8511174917221069	1.0938818454742432	2.0122339725494385	1.1748095750808716	1.7171709537506104	0.7381792664527893	0.6952224969863892	3.149947166442871	0.0	2.702249050140381	2.971705913543701	0.4072532057762146	1.195826530456543	0.0	3.0136525630950928	0.0	2.3747944831848145	0.0	2.1137516498565674	0.44436779618263245	0.649434506893158	2.2055823802948	3.080524444580078	0.848839521408081	0.07905974984169006	1.2448725700378418	3.4008634090423584	0.5113420486450195	0.9593852162361145	2.2471234798431396	0.10709750652313232	0.9920423626899719	1.1440789699554443	2.475712299346924	0.9616633653640747	0.18643376231193542	0.11182571202516556
1.4421801567077637	1.303714394569397	1.041256070137024	0.0	1.7291096448898315	2.741821050643921	0.26018744707107544	0.0	1.0835522413253784	4.05783224105835	0.0	0.6839767098426819	0.0	0.7296344041824341	2.1655235290527344	2.021076202392578	0.0	1.1989785432815552	2.074455976486206	0.2519845962524414	0.30603528022766113	1.0872199535369873	0.8195860385894775	0.27577751874923706	0.9248542785644531	1.7568219900131226	0.6724584102630615	2.8255021572113037	0.0	1.1824084520339966	2.1212754249572754	0.9500277638435364	2.9745404720306396	2.5246734619140625	0.5171865224838257	2.5938947200775146	2.1515378952026367	0.2546437382698059	0.1245771199464798	1.0097049474716187	3.932753324508667	1.1665960550308228	1.8577511310577393	2.5041091442108154	2.711529493331909	0.5980730056762695	0.9964659214019775	2.0465519428253174	0.8858351111412048	2.80515193939209	1.9703913927078247	0.0	0.6564589142799377	0.22225376963615417	2.084138870239258	1.440197467803955	0.0	2.446836233139038	0.9137870073318481	0.12024667859077454	1.596713662147522	2.088582992553711	1.6092925071716309	0.9716553092002869
0.7435994148254395	1.6831940412521362	1.4635770320892334	0.4131266176700592	0.6868216395378113	1.2016681432724	0.5995075702667236	1.2224301099777222	0.0	0.8719377517700195	0.29126715660095215	0.4972822964191437	0.0	1.3090646266937256	1.0006849765777588	1.823763132095337	0.0	2.3012290000915527	1.493770956993103	0.04585976153612137	1.117181658744812	2.4641427993774414	0.0	0.07077547907829285	2.7287139892578125	1.407353162765503	1.0126873254776	2.579413652420044	0.0	2.4514665603637695	1.862368106842041	0.0	2.903059482574463	1.9142290353775024	0.0	2.783862352371216	2.852151393890381	1.3665509223937988	0.0	1.8299821615219116	2.9618499279022217	0.0	1.205938696861267	0.15057174861431122	1.2006229162216187	0.24479398131370544	0.0	2.656559705734253	3.350308418273926	1.2162929773330688	1.5902867317199707	0.0	0.18613512814044952	2.280264139175415	1.4064997434616089	0.0	0.0	0.7219380736351013	0.0	1.043326497077942	0.14120757579803467	2.094827651977539	1.2663688659667969	0.2038661539554596
0.10376797616481781	0.7869712710380554	2.5655691623687744	2.1195099353790283	0.7819193005561829	1.8327147960662842	0.49349352717399597	0.9248541593551636	0.7537616491317749	0.0	0.18677698075771332	0.5987133979797363	0.3933921754360199	1.5423821210861206	0.0	1.8285173177719116	1.3235760927200317	3.3708510398864746	2.6929168701171875	0.01591564156115055	0.727384090423584	2.373046398162842	0.8831709623336792	1.8305631875991821	2.591527223587036	1.1201962232589722	0.4360032379627228	2.1026675701141357	0.0	3.6465518474578857	1.4119797945022583	0.0	3.3988213539123535	1.1893517971038818	0.0	2.607516288757324	2.567838430404663	1.603995442390442	1.3710676431655884	1.3056689500808716	1.5658968687057495	0.8039719462394714	2.290613889694214	0.11646616458892822	1.0612348318099976	0.6736742258071899	1.1963286399841309	3.481393814086914	2.058039426803589	1.8266276121139526	1.913254976272583	0.02313721552491188	0.4038446843624115	2.924558639526367	0.4294492304325104	1.0704342126846313	0.8592039942741394	0.0	0.8423663377761841	0.5115418434143066	0.4296194314956665	2.1377499103546143	1.2940101623535156	1.8119158744812012
1.7969820499420166	0.0	0.8351306915283203	0.0	2.541653871536255	1.6981265544891357	1.3943079710006714	0.36237001419067383	1.4218969345092773	4.377476692199707	0.13071022927761078	0.7414833903312683	0.0	0.0	2.8669369220733643	1.6934388875961304	0.0	0.0	0.0	0.5827516317367554	0.019435683265328407	0.08805675804615021	2.4844508171081543	0.0	0.0	1.4150030612945557	0.7551172375679016	0.7495659589767456	0.0	0.0	0.7142739295959473	1.2192739248275757	0.8610402941703796	2.469459295272827	1.0966731309890747	1.1291536092758179	1.5919418334960938	0.526798665523529	0.0	0.12617000937461853	3.5098373889923096	1.5636955499649048	0.0	2.374401807785034	2.499506950378418	1.047831654548645	0.29843899607658386	0.3649507462978363	0.0	0.8537241816520691	0.07106275111436844	0.0	0.47094064950942993	0.9671204090118408	2.512104034423828	0.22794249653816223	0.0	2.7008652687072754	2.1735424995422363	0.07789444923400879	1.9254285097122192	0.0	0.0	1.392254114151001
0.21627815067768097	0.0	1.1752692461013794	2.521437168121338	0.8104456663131714	0.8126072287559509	3.334223508834839	0.9069293737411499	0.0	0.0	0.02073143608868122	0.0	2.856752872467041	0.10324349254369736	0.0	0.0	2.5159194469451904	0.520024836063385	0.40639016032218933	0.0	2.676476240158081	0.0	3.538597345352173	0.9710072875022888	1.0138576030731201	0.0	0.0	0.0	2.8729283809661865	0.0	0.0	0.6670503616333008	0.2993037700653076	0.0	0.3447273373603821	2.676950216293335	0.754583477973938	0.016908247023820877	1.8071011304855347	0.2987072467803955	0.0	0.0	2.938814401626587	0.0	0.2993111312389374	1.2111438512802124	1.325501799583435	2.1982624530792236	0.9701772332191467	0.6264726519584656	0.0	2.529658794403076	1.3514620065689087	0.8979755640029907	0.0	0.3219864070415497	3.3762543201446533	0.0	1.6967387199401855	0.0	3.1117255687713623	0.14411389827728271	0.0	0.0
1.6248748302459717	0.0	0.6100523471832275	1.1614195108413696	2.2856357097625732	0.7536851763725281	3.468299627304077	0.688502848148346	1.2948263883590698	3.8759682178497314	0.0	0.7676519155502319	1.5530660152435303	0.0	2.2477450370788574	1.4940873384475708	0.6669255495071411	0.0	1.1792794466018677	0.4367145299911499	1.0639846324920654	0.0	4.1267194747924805	0.0	0.10228633880615234	0.3558990955352783	0.0	0.0	1.95228910446167	0.0	0.64344322681427	1.4548770189285278	0.5569999814033508	1.4881460666656494	1.3329116106033325	1.2899020910263062	1.226767897605896	0.0	0.2692717909812927	0.0	1.6431831121444702	1.4474666118621826	0.24129033088684082	1.866772174835205	1.4791793823242188	1.5323008298873901	0.5538730621337891	1.5070174932479858	0.0	0.0	0.11807207018136978	0.015965865924954414	0.676417350769043	0.5744684338569641	1.1024764776229858	0.7862062454223633	1.8894609212875366	1.537606954574585	3.2607767581939697	0.0	3.4168710708618164	0.0	0.0	0.0
1.1101793050765991	3.1329643726348877	0.5371807217597961	2.0818774700164795	0.568870484828949	1.5681064128875732	0.0	1.2437142133712769	3.185772657394409	1.8332514762878418	2.1205663681030273	3.5616331100463867	2.2174112796783447	2.4956002235412598	0.9390727281570435	2.3133814334869385	1.5111398696899414	1.1670734882354736	0.8861881494522095	1.6011978387832642	1.891927719116211	1.3947527408599854	0.8408493995666504	1.9320580959320068	0.4446413218975067	2.718144178390503	1.5043751001358032	2.3875789642333984	0.14180712401866913	0.3939591348171234	0.0	0.4514603912830353	0.0	2.1210851669311523	2.519315719604492	0.5678597688674927	0.14721684157848358	1.0153602361679077	1.0436595678329468	1.6954177618026733	0.4981345534324646	1.9478826522827148	0.35219043493270874	0.7025361061096191	0.2721029818058014	0.7436613440513611	1.4320021867752075	0.5641852617263794	0.05578771233558655	1.6875603199005127	3.7722856998443604	3.849581480026245	0.5985772609710693	2.8802154064178467	0.6456495523452759	2.4190051555633545	0.9583742022514343	4.048290252685547	0.48316866159439087	1.5359019041061401	0.0	1.2683838605880737	1.5202866792678833	3.0595574378967285
0.7507065534591675	2.4250528812408447	0.5411975979804993	1.1223012208938599	0.7600421905517578	3.478506088256836	0.0	1.2842508554458618	3.347261428833008	0.8016153573989868	1.723084568977356	2.2398202419281006	2.051239013671875	1.7623273134231567	0.8125038743019104	1.0244377851486206	1.3576395511627197	2.323856830596924	0.7451943755149841	0.7296120524406433	2.0751771926879883	1.053885817527771	1.5763859748840332	1.179689645767212	0.8145509362220764	2.0004377365112305	1.5570619106292725	3.0838515758514404	1.751297116279602	1.087669849395752	0.268959641456604	0.2899561822414398	0.26554277539253235	2.421630382537842	0.3606112003326416	2.9966628551483154	0.1796291619539261	0.29343870282173157	1.9012339115142822	1.9261434078216553	0.7745522856712341	0.0	2.3693981170654297	0.0	0.9593162536621094	1.9172523021697998	1.9902334213256836	0.0	1.690207839012146	1.6798032522201538	4.41608190536499	3.9982893466949463	1.5988819599151611	1.128729224205017	0.8043529391288757	0.48917362093925476	1.4230973720550537	5.028829574584961	0.0	1.6449393033981323	0.0	2.864830493927002	2.136249542236328	3.9088804721832275
1.592197299003601	2.434406042098999	0.0	2.4993643760681152	0.29336461424827576	0.7158057689666748	0.0	1.7419804334640503	0.5677703619003296	1.0653557777404785	2.0923261642456055	3.868655204772949	1.5820114612579346	2.933954954147339	1.0484720468521118	1.6837211847305298	0.7461714744567871	0.7578389048576355	0.5711731910705566	1.682920217514038	0.77069491147995	0.8844072818756104	0.0	1.0765470266342163	0.0	2.1369283199310303	0.9806761741638184	1.8742177486419678	0.0	0.0	0.10027854889631271	0.0	0.0	1.6967612504959106	2.3257501125335693	0.0	0.23280157148838043	1.0062782764434814	0.19254349172115326	1.3150625228881836	0.0	2.8353912830352783	0.19100581109523773	1.0351111888885498	0.0	0.0634840577840805	1.2185940742492676	0.0	0.0	0.0	3.2568747997283936	2.909672737121582	0.8807874321937561	3.0991313457489014	1.0823769569396973	2.7599000930786133	0.051075611263513565	4.578004837036133	0.30149805545806885	1.4798389673233032	0.0	1.4476958513259888	1.7339996099472046	3.2264413833618164
0.4322147071361542	1.4586493968963623	2.310436964035034	1.19809889793396	0.9294216632843018	1.249077320098877	0.0	1.2364726066589355	0.0	0.597253680229187	0.17212137579917908	0.0	0.0	0.7111586332321167	0.03989565372467041	0.9515576958656311	0.40788185596466064	2.7855496406555176	1.2069114446640015	0.0	0.7998425364494324	2.614795207977295	0.2690143883228302	0.21108441054821014	2.4809794425964355	2.378044605255127	0.9161084890365601	2.6546452045440674	0.11488602310419083	2.580810070037842	1.9281741380691528	1.107357382774353	2.417360544204712	1.4671498537063599	0.0	2.144899845123291	1.7676599025726318	1.070021152496338	0.6301418542861938	1.7272576093673706	2.768193244934082	0.0	1.6304494142532349	0.0	1.7888269424438477	0.004418446682393551	0.2454022467136383	2.857997417449951	3.2592034339904785	1.1972213983535767	1.7774572372436523	0.28818365931510925	0.40032264590263367	2.8657007217407227	1.666086196899414	0.31366413831710815	0.0	0.9273380637168884	0.0	1.0999513864517212	0.051886193454265594	1.8792147636413574	1.4929224252700806	0.20576897263526917
1.6993440389633179	2.9176995754241943	0.0	1.9699190855026245	0.4476640224456787	2.1308791637420654	0.0	0.7365116477012634	2.989670753479004	1.933141827583313	1.9271996021270752	3.821014642715454	2.5097134113311768	2.9175379276275635	1.3790761232376099	2.1806583404541016	1.2771977186203003	1.2322314977645874	0.3900720775127411	1.8667324781417847	1.4398845434188843	0.995218813419342	0.03220879286527634	1.2240837812423706	0.053300488740205765	1.893557071685791	1.3041950464248657	2.6292853355407715	0.13263200223445892	0.01486441120505333	0.0	0.0	0.0	2.00041127204895	1.7980690002441406	0.8270862698554993	0.0449177585542202	0.4840574860572815	0.912832498550415	1.4130778312683105	0.7557166218757629	1.7621374130249023	0.645551860332489	1.653745412826538	0.0	0.49221259355545044	1.452138900756836	0.1421324461698532	0.23622730374336243	0.40456950664520264	3.7581400871276855	3.712773561477661	0.9798640012741089	1.840013861656189	0.8123764395713806	2.8065621852874756	1.0443627834320068	4.064083576202393	0.6913349032402039	1.6431604623794556	0.0	0.8179953694343567	1.6320204734802246	3.3395917415618896
0.7332271337509155	2.1591484546661377	0.6211445927619934	0.9147815704345703	1.519344687461853	2.2543957233428955	1.8698116540908813	1.9064594507217407	0.0	2.0042471885681152	0.0	0.5630885362625122	0.0	1.7323389053344727	0.841810941696167	1.2846869230270386	0.0	1.7137020826339722	1.1003837585449219	0.00920899398624897	0.9855044484138489	2.0616438388824463	0.7590196132659912	1.228389859199524	2.3586339950561523	1.5705868005752563	0.6774677634239197	2.563605308532715	0.0	2.5292584896087646	2.1440653800964355	0.0	2.1396448612213135	1.160844326019287	0.0	3.167903423309326	2.481689453125	1.3890553712844849	0.0	1.4616085290908813	3.9108550548553467	0.5079406499862671	1.6851646900177002	0.11045344918966293	2.0646235942840576	0.611260712146759	0.0	3.1078028678894043	2.4063258171081543	1.7231969833374023	1.2576267719268799	0.21412739157676697	0.27729469537734985	2.8246896266937256	2.251948595046997	0.0	0.0	1.383974313735962	0.0	0.7719912528991699	0.5488001108169556	2.076885461807251	2.1339240074157715	0.6092678904533386
1.39439058303833	2.4597489833831787	0.33165523409843445	2.0042829513549805	0.812976062297821	2.190751314163208	0.0	0.37308332324028015	3.3370132446289062	0.9504978656768799	1.9987893104553223	3.0206048488616943	2.0460031032562256	1.6764214038848877	0.5877525210380554	1.229175090789795	1.2499380111694336	1.2296236753463745	0.17527811229228973	0.9216107130050659	1.9334074258804321	0.8467462062835693	0.7893240451812744	1.6120024919509888	0.27859947085380554	1.929504156112671	2.3545379638671875	3.1091761589050293	1.402034044265747	0.296048104763031	0.7084909081459045	0.003702967893332243	0.7279744148254395	2.2824668884277344	1.4586610794067383	2.4655442237854004	0.6360483765602112	1.341546893119812	1.6627277135849	2.1154491901397705	0.802217960357666	1.1871682405471802	3.087569236755371	2.5813980102539062	0.5935373902320862	1.35065758228302	1.7512593269348145	0.1789940446615219	1.4581235647201538	2.3138272762298584	3.8743104934692383	3.6036536693573	1.4244650602340698	0.6966331601142883	1.1286613941192627	1.4567925930023193	2.1625213623046875	3.7008962631225586	1.0138963460922241	1.7265915870666504	0.14618565142154694	2.1536266803741455	1.7227187156677246	4.163410186767578
0.06859251856803894	1.6774901151657104	1.6825698614120483	1.700803518295288	0.7075485587120056	1.069184422492981	0.0	1.454065203666687	0.0	0.6099821329116821	0.0	0.0	0.049097780138254166	1.2887742519378662	0.051958244293928146	1.3997797966003418	0.003567799460142851	2.4934380054473877	1.3759863376617432	0.0	0.5411900281906128	2.5821502208709717	0.0	0.0	2.7371184825897217	1.1982147693634033	0.46193060278892517	3.312509536743164	0.11866171658039093	2.49792218208313	2.658554792404175	0.0	2.3789172172546387	0.8694862127304077	0.0	2.5384202003479004	2.1040728092193604	1.3222252130508423	0.1256401538848877	1.7094740867614746	2.977385997772217	0.0	1.6464548110961914	0.0	0.9668861627578735	0.18407639861106873	0.0	2.742701530456543	3.8122708797454834	1.2194162607192993	1.9190624952316284	0.462450236082077	0.26625847816467285	3.4237256050109863	1.8650894165039062	0.0	0.24312341213226318	1.3706934452056885	0.0	0.8979320526123047	0.0	1.7805488109588623	1.4387983083724976	0.452982097864151
0.31803929805755615	0.6063731908798218	1.0203337669372559	1.6826173067092896	0.07692719995975494	2.0196056365966797	0.0	0.3767114579677582	0.746522843837738	0.0	2.081045627593994	2.2881011962890625	1.9229192733764648	0.0	0.0	0.0	2.098541498184204	2.186384439468384	0.0	1.9886037111282349	1.2760642766952515	0.4571489095687866	0.0	1.2567076683044434	0.5901651978492737	0.43504098057746887	1.2769466638565063	3.196967601776123	0.638850212097168	0.753446102142334	0.8241384029388428	0.45382994413375854	0.0	2.218688488006592	0.0	0.0	0.0	0.7048688530921936	2.983035087585449	0.5497584342956543	0.47180840373039246	0.0	0.8101109266281128	0.12669438123703003	0.921690821647644	0.0	2.4557459354400635	0.0	0.6754810214042664	1.653664231300354	3.9124257564544678	2.7889277935028076	2.1713473796844482	0.0	0.0	1.4019286632537842	0.4874175190925598	3.3057470321655273	1.2445790767669678	1.6704436540603638	0.0	1.685280442237854	1.7578487396240234	4.620767116546631
1.294732928276062	1.3509197235107422	1.6437489986419678	0.5339526534080505	1.384885311126709	1.8272488117218018	0.6937206983566284	2.4528651237487793	0.2826659679412842	2.383392572402954	0.0	0.7179780006408691	0.0	1.20352041721344	0.3577550947666168	1.3028863668441772	0.0	2.914743661880493	2.292618751525879	0.0	0.9502460360527039	2.7161004543304443	0.0	0.09831734746694565	2.028989791870117	2.5467724800109863	1.1204019784927368	2.3769447803497314	0.0	2.5446348190307617	1.9577385187149048	0.657200276851654	3.31892991065979	1.770188331604004	0.0	1.5241230726242065	2.4690165519714355	1.3119138479232788	0.29422545433044434	1.3440078496932983	3.1375985145568848	0.1365581601858139	1.833066701889038	0.7468613982200623	1.3913010358810425	0.0	0.42044663429260254	2.8553388118743896	2.799391984939575	1.064198613166809	1.414505124092102	0.0	0.5030077695846558	3.0695364475250244	2.274996757507324	0.28794577717781067	0.0	1.598913550376892	0.9653363823890686	0.6770804524421692	0.9880706667900085	1.94595468044281	1.0857818126678467	0.7855365872383118
0.10488167405128479	1.3669867515563965	1.9495500326156616	1.2634636163711548	0.7446205019950867	1.429923415184021	0.0061139450408518314	1.4190043210983276	0.0	0.5969185829162598	0.0	0.0	0.3099783658981323	0.5706328749656677	0.0	1.1393991708755493	0.0	2.945265054702759	2.2918076515197754	0.0	1.1081558465957642	2.595337152481079	0.11897870153188705	0.35692864656448364	2.460111618041992	1.1750162839889526	0.9510113000869751	2.950883388519287	0.15935088694095612	2.6446433067321777	2.324610710144043	0.0	2.77820086479187	1.1454808712005615	0.0	2.2487826347351074	2.0620486736297607	1.655735731124878	0.6132519245147705	1.7879794836044312	2.825202465057373	0.02758859284222126	1.511816382408142	0.0	1.0225718021392822	0.12389446794986725	0.5305031538009644	2.751779556274414	3.4185872077941895	1.3850769996643066	1.8619376420974731	0.418682336807251	0.31341296434402466	3.3474843502044678	1.7726010084152222	0.0	0.0	1.0192077159881592	0.0	0.778912365436554	0.0	2.286393165588379	1.5360255241394043	0.6977810859680176
0.5534337759017944	0.010187949053943157	2.878509759902954	4.150671482086182	0.42365971207618713	0.0957457572221756	2.839481830596924	1.7953542470932007	1.788770318031311	0.16006487607955933	0.0	1.2023097276687622	1.0404833555221558	0.5086737275123596	0.126414954662323	0.6968085765838623	0.5351707935333252	2.464782953262329	0.0	1.0432993173599243	0.0	1.7974668741226196	2.656510353088379	0.2907167971134186	1.9199877977371216	0.46078890562057495	0.0	1.681602954864502	1.339358925819397	1.931728482246399	1.3270858526229858	1.4698734283447266	0.7532556056976318	0.5598358511924744	3.0359458923339844	0.16565421223640442	2.5100698471069336	2.681546926498413	0.0	0.9941981434822083	0.426116943359375	1.8159980773925781	0.0	1.418186902999878	0.0	3.4418625831604004	0.0	0.6573911309242249	0.8445640802383423	1.3890278339385986	0.7061250805854797	1.2414029836654663	0.39409613609313965	4.120462417602539	1.1551129817962646	1.177858829498291	2.5878584384918213	0.0	0.9897404313087463	0.30260351300239563	2.3031580448150635	0.0	0.0	0.3968321979045868
0.6817823648452759	0.0	1.0215851068496704	2.35300350189209	1.3486989736557007	0.69297194480896	3.8291759490966797	1.2759987115859985	0.0	0.3396375775337219	0.0	0.16477765142917633	2.6589999198913574	0.3207830488681793	0.8578290343284607	1.027359962463379	1.8045780658721924	0.0	0.6886314153671265	0.6237947344779968	2.4545743465423584	0.0	3.4455583095550537	0.2928042709827423	0.9185434579849243	0.2640770673751831	0.0	0.0	2.193086624145508	0.0	0.0	0.758480429649353	0.5591742396354675	1.4288429021835327	0.6826047301292419	1.6761417388916016	1.4718635082244873	0.0	1.463028907775879	0.059401363134384155	0.4283035397529602	1.1375600099563599	2.3794145584106445	0.2617601156234741	0.5172553658485413	1.0368690490722656	0.743739902973175	2.1200201511383057	0.7546163201332092	0.5247979760169983	0.0	1.1493031978607178	0.8666519522666931	0.3546501100063324	0.8525871634483337	1.0987154245376587	3.069450855255127	0.0	2.2004246711730957	0.0	3.869288682937622	0.1556079387664795	0.0	0.0945265144109726
1.8458842039108276	0.7862963080406189	0.0	1.3025959730148315	2.921449661254883	2.7311079502105713	1.7746261358261108	0.37333667278289795	1.1354783773422241	3.9140965938568115	0.19194264709949493	1.07724928855896	1.0699039697647095	0.8131210207939148	1.8913683891296387	2.3178577423095703	0.3574222922325134	0.15125061571598053	2.9071545600891113	0.29562869668006897	0.7826858162879944	1.1726157665252686	2.3714656829833984	0.016689611598849297	0.0	1.8294461965560913	0.18502917885780334	1.7586547136306763	1.1944079399108887	0.09670679271221161	1.6094049215316772	0.7775457501411438	2.454197406768799	1.6160857677459717	0.45778602361679077	3.5514698028564453	0.729897677898407	0.16125881671905518	0.3609497547149658	0.6009446382522583	3.014458179473877	0.57718825340271	1.9884916543960571	2.483186960220337	2.339799642562866	1.7469044923782349	1.117958426475525	1.8155028820037842	2.05979061126709	1.7649134397506714	1.7544227838516235	1.5104992389678955	0.584482729434967	1.1729072332382202	1.8184185028076172	1.4775081872940063	1.2145249843597412	3.062612771987915	3.701540231704712	0.0028149287682026625	1.8398780822753906	0.36280497908592224	0.0	0.0
0.8649269938468933	0.0	2.784639358520508	1.7315189838409424	0.1470469981431961	0.9610674381256104	3.252281665802002	0.8841047286987305	4.536546230316162	1.757504940032959	0.047510117292404175	0.8636273145675659	1.2695913314819336	0.0	0.8808334469795227	0.6619435548782349	2.173551559448242	3.2243762016296387	0.9813230633735657	0.2756349742412567	0.33399131894111633	1.2310627698898315	2.255589246749878	1.390524983406067	1.0381208658218384	0.3090084493160248	1.0711677074432373	1.908915638923645	0.6401587128639221	2.5290496349334717	1.5808829069137573	1.7498987913131714	2.8599889278411865	0.7323402166366577	2.2465317249298096	0.5691032409667969	2.9275286197662354	2.128793954849243	2.2006325721740723	0.8628667593002319	1.2175906896591187	3.2543976306915283	1.5610941648483276	2.5803382396698	0.31488940119743347	1.8593862056732178	2.0842714309692383	0.0544058233499527	0.9356256723403931	0.8347297310829163	1.1885746717453003	0.0	0.8522005677223206	0.5750697255134583	0.8766591548919678	1.3403252363204956	2.282576560974121	1.353223204612732	1.0043805837631226	0.0	1.335927963256836	2.0292484760284424	0.25777533650398254	2.763394355773926
0.12577323615550995	1.2629369497299194	0.0	0.3779517412185669	0.2796526253223419	1.598618745803833	0.8717672228813171	0.2756924033164978	3.3586552143096924	1.9853767156600952	1.4501231908798218	2.3815133571624756	2.1913564205169678	2.28537917137146	1.7643382549285889	1.2030432224273682	0.9375536441802979	0.0	0.0	1.8536080121994019	0.0	0.927415668964386	0.0	1.923406720161438	0.14526653289794922	0.8916643857955933	1.3306939601898193	2.4233977794647217	0.0	0.30750688910484314	0.0	0.0	0.0534793958067894	1.8613591194152832	2.2331180572509766	0.0	0.6149286031723022	1.0502082109451294	1.1597723960876465	1.5001671314239502	0.0	3.005641222000122	0.0	2.0964651107788086	0.0	1.2029060125350952	1.5514411926269531	0.0	0.0	0.9846082925796509	4.023196697235107	0.0	0.5818336009979248	0.74666428565979	0.9601904153823853	1.640280842781067	1.0678032636642456	4.476258277893066	0.24495728313922882	1.0061529874801636	0.0	1.4579206705093384	0.8992199897766113	2.364830732345581
1.3790416717529297	0.0	0.3666430711746216	0.2382197082042694	2.681314468383789	1.493852972984314	1.6713731288909912	1.4553475379943848	0.9547791481018066	4.480116844177246	0.0	1.1967860460281372	0.0	0.0	2.7007524967193604	1.7427161931991577	0.0	0.0	0.8046354055404663	0.41602233052253723	0.5519387722015381	0.0	2.5076634883880615	0.0	0.23516441881656647	0.3823226988315582	0.34320858120918274	1.281484842300415	0.6538607478141785	0.0	0.9089640974998474	0.9050867557525635	1.201192855834961	1.9716616868972778	1.2306002378463745	2.0575215816497803	1.9900938272476196	0.0	0.48133960366249084	0.0	2.62629771232605	1.0274559259414673	0.0	2.1379942893981934	2.189992904663086	1.0823718309402466	0.2879062294960022	1.7462294101715088	0.1460801362991333	1.3206313848495483	0.07588901370763779	0.0	0.36106500029563904	0.0	1.8911352157592773	0.4327757954597473	0.3013157844543457	0.7169410586357117	2.464749813079834	0.0	2.8997082710266113	0.0	0.0	0.09421861171722412
1.1257390975952148	2.2057085037231445	0.10991836339235306	2.2838802337646484	0.40289634466171265	1.9285537004470825	1.0729676485061646	0.091238833963871	0.8815848231315613	1.1489150524139404	1.6177722215652466	2.99344539642334	2.5765156745910645	2.3291690349578857	0.4675782024860382	1.124225378036499	2.610734701156616	1.8857804536819458	0.41664889454841614	1.0895533561706543	2.539155960083008	0.4146263599395752	1.1848697662353516	2.019822359085083	0.7161256670951843	1.4877737760543823	2.8506739139556885	2.6616907119750977	1.9161511659622192	0.4028306305408478	0.0	0.0	0.08322438597679138	2.4502339363098145	0.4551055133342743	1.8345134258270264	0.2191161811351776	0.30678826570510864	2.1054275035858154	0.7559645771980286	0.6032283306121826	0.6068469285964966	2.2459652423858643	0.0	0.2162010818719864	0.9376681447029114	2.2667527198791504	0.045338403433561325	0.27142763137817383	0.5443798899650574	4.538398742675781	4.04313850402832	1.4491764307022095	1.1681030988693237	0.08705980330705643	2.1804211139678955	1.8467930555343628	5.085628986358643	0.5734319090843201	1.8125728368759155	0.09905035048723221	1.6999168395996094	1.978127121925354	3.70818829536438
1.6758408546447754	2.617478609085083	0.6338152885437012	2.5184381008148193	0.9047114849090576	1.486602783203125	0.0	1.9700944423675537	2.1496267318725586	1.5352599620819092	1.9217054843902588	3.734450101852417	1.5547270774841309	3.037785291671753	1.8362438678741455	2.2578768730163574	1.239958643913269	0.7685627937316895	0.9137746691703796	1.1797120571136475	1.3467111587524414	1.4740254878997803	0.0	1.1721363067626953	0.220806285738945	2.1922860145568848	1.3116304874420166	0.9862009286880493	0.0	0.19803489744663239	0.0	0.3856852650642395	0.01265057735145092	1.264571189880371	2.5101237297058105	0.0	0.8547855615615845	2.11574649810791	0.0	1.607722520828247	0.3189381957054138	1.9899890422821045	0.0	1.0809228420257568	0.04580087587237358	0.5195795297622681	1.1718223094940186	0.5395016074180603	0.06436607986688614	3.862999677658081	2.399834394454956	2.633284568786621	0.741725504398346	3.4404757022857666	1.4186040163040161	1.9459377527236938	0.9205102324485779	2.253434658050537	0.4238901138305664	1.5586777925491333	0.1711856722831726	0.3559129238128662	1.2081034183502197	1.9848545789718628
0.6892396211624146	1.3738034963607788	1.9675023555755615	0.988697350025177	0.5984383821487427	1.922881007194519	0.30629950761795044	1.7542763948440552	0.23076917231082916	1.3447540998458862	0.35050809383392334	0.7754777073860168	0.12249135971069336	1.5085878372192383	0.0	1.6985976696014404	0.0	2.7514939308166504	0.6920217871665955	0.18800777196884155	0.7111359238624573	2.809565305709839	0.36624735593795776	0.3879736065864563	2.5520012378692627	1.0967028141021729	0.7586761116981506	2.5454909801483154	0.0	2.9002318382263184	2.1287782192230225	0.0	2.504520893096924	1.240027666091919	0.3478114902973175	1.5630440711975098	2.2816081047058105	2.030064105987549	0.0	1.4355531930923462	2.802607774734497	0.35735830664634705	0.5375791788101196	0.0	1.6216157674789429	0.0	0.0	2.5873303413391113	2.4158895015716553	1.4272476434707642	1.813044548034668	0.0	0.31090059876441956	4.229184627532959	1.9284732341766357	0.0	0.0	1.3391040563583374	0.7468076944351196	1.0897510051727295	0.39464521408081055	0.6359286904335022	1.4394261837005615	0.5255070924758911
1.0386290550231934	0.0	0.6795431971549988	2.1771883964538574	1.6513466835021973	2.034292221069336	2.8434181213378906	1.0898417234420776	2.3766210079193115	0.33332496881484985	0.17287752032279968	0.0	2.0805351734161377	0.8765578269958496	0.5139842629432678	0.04581646993756294	1.8197029829025269	1.158994436264038	2.20937180519104	0.0	1.974727749824524	0.0	3.0897655487060547	0.5159016847610474	0.46700870990753174	0.0	1.7500171661376953	0.0	2.4670169353485107	0.3469122350215912	0.7825949788093567	0.388523668050766	1.3378373384475708	0.5902422666549683	0.08826366811990738	3.4760499000549316	0.9004562497138977	0.0	1.5020300149917603	1.0477699041366577	0.771210789680481	0.7973021864891052	3.2328479290008545	1.4595390558242798	1.7372009754180908	0.6953848004341125	1.7143784761428833	3.585358142852783	2.0745022296905518	0.5985257029533386	0.0	2.010495185852051	1.0056445598602295	0.7467818856239319	0.08620882034301758	0.025159195065498352	1.7012889385223389	0.0	1.511444330215454	0.3214671015739441	3.2862050533294678	1.2950881719589233	0.0	0.0
1.3744287490844727	1.077287197113037	1.058575987815857	2.608349084854126	0.01008477620780468	2.0780022144317627	0.5017265677452087	2.827974796295166	3.8553929328918457	2.0273211002349854	1.6311370134353638	3.483811616897583	2.240962028503418	0.4706997573375702	1.604879379272461	1.3469237089157104	0.7736705541610718	1.5213621854782104	0.07084481418132782	1.1562033891677856	0.37082716822624207	1.7467488050460815	1.597027063369751	1.4953380823135376	0.27322888374328613	1.7676150798797607	0.8365212082862854	2.0109546184539795	0.815343976020813	0.5741413831710815	0.41280823945999146	1.1881752014160156	0.15063965320587158	1.6259838342666626	3.2981865406036377	0.0	1.448264718055725	2.7889246940612793	1.0926614999771118	1.2730801105499268	0.500106692314148	2.190098285675049	0.0	2.4296534061431885	0.0	1.9980090856552124	1.5988202095031738	0.0	0.7681919932365417	2.118779420852661	4.319864749908447	2.059682607650757	0.8853715658187866	3.450181245803833	1.6102718114852905	2.0039706230163574	1.9933451414108276	2.6589624881744385	1.0342588424682617	1.3256959915161133	0.805453360080719	1.2158585786819458	1.2527954578399658	2.9405367374420166
0.0	0.0	2.790879487991333	2.3272008895874023	0.0	0.0	2.6461915969848633	1.8268786668777466	1.6946860551834106	0.0	0.0	0.0	1.597310185432434	0.0	0.0	0.470989465713501	0.7212659120559692	2.48000168800354	0.0	1.1070795059204102	0.0	1.8880172967910767	3.7820534706115723	1.4844484329223633	1.5814613103866577	0.0	0.0	1.2633979320526123	1.9981610774993896	1.5151994228363037	1.3253045082092285	1.8563374280929565	0.8672890663146973	0.0	2.86147141456604	0.0	2.853280782699585	2.5558810234069824	0.25559139251708984	0.8215782046318054	0.0	1.587288737297058	0.0	1.8908390998840332	0.0	3.301361083984375	0.0	0.17550434172153473	1.058125615119934	1.306282639503479	1.1597905158996582	0.0	0.2426941692829132	3.2515950202941895	0.0	0.0	2.554405689239502	0.0	1.1628962755203247	0.15704631805419922	2.5262362957000732	0.0	0.0	0.2263948619365692
0.48989397287368774	0.16379088163375854	0.6905375719070435	2.2031924724578857	1.0352535247802734	2.155294179916382	3.3723201751708984	0.3174296021461487	1.3018227815628052	0.0	1.251293659210205	0.8452610969543457	3.194082498550415	0.21096467971801758	0.0	0.0	2.6578192710876465	1.2961355447769165	0.24076758325099945	0.0	3.0068893432617188	0.09204491972923279	2.9441916942596436	0.7876384258270264	1.4544241428375244	0.6038461923599243	2.190768241882324	0.5499672889709473	3.379774570465088	0.2592373788356781	0.8820732235908508	0.7675176858901978	0.06903985142707825	0.0	0.1598932147026062	2.179288387298584	0.9984003901481628	0.0	2.2475759983062744	0.0	0.29394012689590454	0.0020508370362222195	3.1181132793426514	0.0	0.4861977696418762	1.3390626907348633	1.5350706577301025	1.8203763961791992	1.4507040977478027	1.7551987171173096	0.0	2.985511302947998	1.5514678955078125	0.0	0.0	1.0134395360946655	3.235409736633301	0.0	1.4955397844314575	0.664017379283905	2.0951485633850098	1.7901064157485962	0.19793744385242462	0.04861430823802948
0.0022426715586334467	0.025484906509518623	1.3905739784240723	1.7923879623413086	1.7742283344268799	1.3975203037261963	3.2961320877075195	1.2779343128204346	0.0	0.0	0.19743818044662476	0.17142195999622345	2.033252716064453	0.0	1.3594640493392944	0.4634237587451935	2.592379331588745	2.5969340801239014	1.1770379543304443	0.0	2.802467107772827	0.38231492042541504	3.8906798362731934	1.635710597038269	1.4420644044876099	0.5207106471061707	0.8582401275634766	0.18198305368423462	1.8121012449264526	0.6725592017173767	1.0396865606307983	0.8309814929962158	0.2523730397224426	1.2993656396865845	0.40862226486206055	3.354599714279175	1.4928251504898071	0.12672469019889832	1.3883057832717896	1.320906400680542	1.4928858280181885	0.0	3.6113810539245605	0.0	1.3533384799957275	1.7098435163497925	1.8412349224090576	2.7812085151672363	1.4091212749481201	0.6191935539245605	1.6033284664154053	3.0006015300750732	1.314618468284607	1.2823644876480103	0.0	0.0016149994917213917	1.5853245258331299	0.0	0.6064509749412537	0.5311130881309509	2.5929107666015625	0.016358336433768272	1.0460433959960938	0.8238241076469421
1.5505560636520386	2.1209921836853027	0.043837904930114746	2.0932981967926025	0.7160053849220276	0.8130449652671814	0.0	1.520641803741455	1.726413607597351	1.7812471389770508	1.6256279945373535	3.5313758850097656	1.1945217847824097	3.739687919616699	1.601141095161438	1.867194652557373	0.3153102993965149	0.8209731578826904	0.4399573802947998	1.514467716217041	0.420993447303772	1.1476786136627197	0.512580394744873	1.1680928468704224	0.27102595567703247	2.4297990798950195	0.6196912527084351	1.6568851470947266	0.0	0.2092144638299942	0.06254348158836365	0.0	0.0	1.4701547622680664	2.6084227561950684	0.0	0.0	1.4366658926010132	0.0	2.123135566711426	0.0	2.0527079105377197	0.0	1.4744110107421875	0.0	0.8317584991455078	1.00730562210083	0.1792907863855362	0.05159260332584381	0.2797498106956482	3.3588101863861084	3.8452534675598145	0.5918174982070923	3.7782645225524902	1.5740493535995483	2.037566661834717	0.0813213363289833	2.957488775253296	0.19309338927268982	1.9267642498016357	0.04232412576675415	0.9201655983924866	1.511291742324829	3.6537225246429443
0.8862804174423218	1.291555643081665	2.0180599689483643	1.2129120826721191	1.2438277006149292	1.7102785110473633	2.1141791343688965	1.3719487190246582	0.0	1.8460872173309326	0.14730025827884674	0.36019521951675415	0.0	1.2339837551116943	0.3654722571372986	1.0171416997909546	0.0	2.0369138717651367	2.1708853244781494	0.14241500198841095	1.1392195224761963	2.4234955310821533	0.0	0.7918829917907715	2.2138357162475586	2.15987229347229	0.7934637665748596	2.866875171661377	0.10912954807281494	2.5123956203460693	1.7549093961715698	0.6926345229148865	2.5035150051116943	1.0763806104660034	0.5156299471855164	3.2724032402038574	2.3778138160705566	1.905724048614502	0.0053293416276574135	1.308765172958374	3.771224021911621	0.9805110096931458	1.4468127489089966	0.0	1.411949872970581	0.4729230999946594	0.0	3.0610361099243164	3.1891138553619385	2.1372852325439453	1.762008547782898	0.38596275448799133	0.4524788558483124	3.1817946434020996	2.2743027210235596	0.0	0.0	1.5740805864334106	0.0	0.823749840259552	0.0	1.1360656023025513	1.5409889221191406	0.910886824131012
1.4029860496520996	2.5748515129089355	0.12616579234600067	1.5361775159835815	0.0	1.8886334896087646	0.0	1.5951586961746216	2.10347843170166	1.7131880521774292	1.4745498895645142	3.1448562145233154	0.5709653496742249	1.1043277978897095	1.154271125793457	1.4146662950515747	0.7501397132873535	1.776252031326294	1.3605674505233765	1.9161063432693481	0.37967708706855774	1.2551679611206055	0.01827021688222885	1.5702472925186157	0.013491323217749596	2.159372091293335	1.1824523210525513	2.4332807064056396	0.0	0.05461171269416809	0.4728325307369232	0.0	0.0	1.6685060262680054	3.2310614585876465	0.0	0.41070160269737244	2.1547977924346924	0.3828393816947937	1.1643295288085938	0.06236984208226204	2.0681815147399902	0.07107672095298767	1.6772451400756836	0.0	0.0	1.140986442565918	0.0	0.1900656670331955	0.7304131388664246	3.794161558151245	3.1661694049835205	0.8283731341362	2.420485734939575	0.9128029346466064	1.6429274082183838	0.0	4.428679943084717	0.03714766725897789	1.6543002128601074	0.0	0.46154406666755676	1.8378143310546875	2.8265018463134766
1.5291000604629517	2.487037420272827	0.3482065796852112	2.533653974533081	0.30064910650253296	2.2896902561187744	0.0	1.5500532388687134	1.0808607339859009	0.9072352647781372	1.993210792541504	3.6109583377838135	1.6758766174316406	2.1768741607666016	1.2877411842346191	1.5367289781570435	0.4952367842197418	1.1305474042892456	0.9219363331794739	1.9939850568771362	0.2579134404659271	0.9893163442611694	0.0	1.228916049003601	0.3644290566444397	1.675716757774353	1.4738966226577759	1.5326132774353027	0.0	0.0	0.0	0.06091481074690819	0.0	1.2577097415924072	1.6877599954605103	0.0	0.0	1.0519814491271973	1.1119381189346313	1.2995142936706543	0.0	2.3633458614349365	0.0	1.064388394355774	0.0	0.7296144962310791	1.3300566673278809	0.044031355530023575	0.0	2.2593395709991455	2.4893503189086914	2.946683645248413	1.0390145778656006	2.3476150035858154	0.6042648553848267	2.127717971801758	0.8720310926437378	3.2201247215270996	1.6261732578277588	1.6120189428329468	0.0	2.0585007667541504	1.406541347503662	3.843156337738037
1.7872576713562012	0.0	0.0	0.0	1.9255328178405762	1.635191798210144	0.10981976985931396	0.7755514979362488	1.3039262294769287	4.743540287017822	0.0	1.0371960401535034	0.0	0.32171428203582764	2.6792421340942383	2.613240957260132	0.0	0.0	2.0997636318206787	0.47339776158332825	0.0	0.0	1.8569601774215698	0.0	0.0	1.111702561378479	0.7132378816604614	1.1198475360870361	0.25722911953926086	0.0	0.44021186232566833	1.1353883743286133	2.5039732456207275	2.7066540718078613	1.2999224662780762	1.672084093093872	1.9596822261810303	0.0	0.0	0.0	3.3552045822143555	1.8029067516326904	0.0	2.786923408508301	2.592547655105591	0.25253692269325256	0.40128421783447266	1.788760781288147	0.13839539885520935	0.0	0.5418950915336609	0.0	0.34550967812538147	0.0	2.252609968185425	0.4043174982070923	0.0	2.197476625442505	1.8159739971160889	0.010871652513742447	2.6659741401672363	0.03674855828285217	0.0	0.5314112901687622
0.8614384531974792	1.663955807685852	1.3916901350021362	0.9321842193603516	1.3668911457061768	1.9854803085327148	0.6769141554832458	0.9260561466217041	0.22749152779579163	2.0473709106445312	0.0	0.490772545337677	0.0	0.7500187754631042	0.1853097677230835	1.4713104963302612	0.0	2.4397053718566895	1.332188367843628	0.09875058382749557	0.9129094481468201	2.5968778133392334	0.16020378470420837	0.0	2.3271687030792236	1.2768951654434204	0.683046817779541	3.727924346923828	0.0	3.1100053787231445	1.7241476774215698	0.2416364550590515	3.2955267429351807	1.7807793617248535	0.0	2.7566299438476562	2.611940860748291	1.9621422290802002	0.0	1.4227612018585205	3.6391513347625732	0.0	2.3495147228240967	0.6261909008026123	1.8627631664276123	0.10583752393722534	0.1231570914387703	2.659976005554199	2.8885691165924072	1.6939878463745117	1.6589250564575195	0.37775561213493347	0.37549060583114624	2.9688916206359863	2.1706159114837646	0.0	0.0	1.5365209579467773	0.0	0.8481260538101196	0.44941598176956177	1.331828236579895	1.321901798248291	1.5761642456054688
0.0	0.0	2.598529577255249	2.3908183574676514	0.0	0.0	2.4695792198181152	1.5742597579956055	1.8094102144241333	0.8821243643760681	0.0	0.0	1.012036681175232	1.09585440158844	0.0	0.4234706163406372	0.880217969417572	2.560863733291626	0.0	0.8278462886810303	0.0	1.6743690967559814	3.3744943141937256	2.0936150550842285	1.570916771888733	0.0	0.0	1.0148332118988037	1.653601884841919	1.2925211191177368	0.9716327786445618	1.6708171367645264	0.6217281222343445	0.0	3.243411064147949	0.0	2.9539382457733154	2.690239429473877	0.43937116861343384	0.952035129070282	0.0	2.206671714782715	0.0	1.7788516283035278	0.1588132232427597	3.5959622859954834	0.0	0.4844283163547516	0.5872749090194702	1.2546130418777466	0.6703941822052002	0.0	0.0	3.5994760990142822	0.0	0.0	3.067241668701172	0.06909166276454926	0.8729817271232605	0.0	1.8230915069580078	0.40584078431129456	0.0	0.2523825764656067
0.7017202377319336	2.671166181564331	0.7355924248695374	0.8558130264282227	0.4890557527542114	2.8351054191589355	0.0	0.9034629464149475	3.033419370651245	0.0	1.1974047422409058	2.245368242263794	2.1157798767089844	2.2303431034088135	0.6905012726783752	0.5839015245437622	1.3807283639907837	2.2241878509521484	1.24392831325531	0.3349922299385071	2.6989564895629883	0.9378399848937988	0.8737457394599915	1.5071301460266113	0.4861360490322113	1.8379243612289429	1.8760261535644531	3.567460060119629	1.2987339496612549	0.7760739326477051	1.0937148332595825	0.0	0.19484573602676392	1.0846847295761108	0.6918569803237915	2.0964362621307373	0.0	0.08175037056207657	2.046234607696533	1.4260677099227905	0.975034773349762	0.0	3.4606642723083496	0.0	1.039677381515503	1.4659173488616943	1.9348089694976807	0.0	2.055969715118408	1.5046125650405884	2.9573633670806885	3.686164379119873	1.1377875804901123	0.7034830451011658	0.29105716943740845	0.5111920833587646	1.734874963760376	4.727992534637451	0.0	1.2568368911743164	0.0	2.3039164543151855	1.989869236946106	2.5777981281280518
0.44200795888900757	2.254971981048584	0.010500278323888779	0.7257056832313538	0.08472106605768204	2.3372507095336914	0.0	0.0	2.8267600536346436	0.0	1.2967402935028076	1.5622366666793823	1.9548755884170532	0.6861332058906555	0.9084607362747192	0.22044917941093445	1.4472708702087402	3.1225881576538086	0.18886204063892365	0.7622948884963989	2.077660322189331	0.8383747935295105	0.22205393016338348	1.627166986465454	0.6012575626373291	1.5102026462554932	1.8483495712280273	3.2472422122955322	0.16669970750808716	0.6889963746070862	0.8651819825172424	0.0	0.0	1.4923758506774902	0.0	2.5497076511383057	0.0	0.0	2.038365364074707	1.2828930616378784	0.711524248123169	0.0	2.729940891265869	0.0	0.6056896448135376	1.3115538358688354	2.3658554553985596	0.0	1.8682756423950195	2.376742362976074	4.120045185089111	3.9886856079101562	1.5308464765548706	0.0	0.0	0.10891182720661163	0.6671477556228638	4.790416717529297	0.0	1.6614413261413574	0.0	2.138718366622925	1.9098619222640991	3.763529062271118
1.7041091918945312	0.0	0.13937631249427795	0.0	2.0221216678619385	1.9709956645965576	1.3412185907363892	0.26390340924263	1.550763487815857	4.904636859893799	0.0	0.9802622199058533	0.0	0.0	2.743386745452881	1.5707366466522217	0.0	0.0	0.1293308287858963	0.6605433821678162	0.11702872812747955	0.0069140661507844925	2.5347299575805664	0.0	0.0	0.4741823971271515	0.5615066885948181	0.9070448279380798	0.09033046662807465	0.0512470044195652	0.6101429462432861	1.19237220287323	0.7636622190475464	2.2200424671173096	0.9763911366462708	1.685359239578247	2.155299186706543	0.3738043010234833	0.0	0.19198782742023468	3.4658000469207764	1.4811357259750366	0.0	2.301260471343994	2.8058865070343018	1.1913840770721436	0.0	0.7465435862541199	0.0	0.0	0.33554285764694214	0.0	0.20785415172576904	0.6012441515922546	2.5627429485321045	0.0	0.15107300877571106	2.6768832206726074	1.6049559116363525	0.0374777652323246	2.434997797012329	0.0	0.0	1.6374130249023438
1.1499115228652954	0.0	0.0	0.11733666807413101	2.417541027069092	1.2242296934127808	0.9604591727256775	1.2240737676620483	0.47873973846435547	4.189531326293945	0.23816953599452972	1.1651109457015991	0.0	2.3902475833892822	2.1662144660949707	2.756309986114502	0.0	0.0	1.883543848991394	0.44240179657936096	0.7340817451477051	0.05229015275835991	1.3317463397979736	0.0	0.231419637799263	1.437692403793335	0.5224020481109619	0.6061222553253174	0.0	0.0	0.5595294237136841	0.0	1.9226129055023193	1.9594104290008545	0.26214367151260376	2.2092626094818115	2.2948176860809326	0.0	0.0	0.0	2.6487619876861572	2.2172155380249023	0.0	1.789940595626831	2.008265495300293	0.0	0.3144257366657257	1.9401233196258545	0.06405846774578094	0.02360006421804428	0.0	0.0	0.612166166305542	0.0	2.355651378631592	1.5125774145126343	0.42057347297668457	0.9201205372810364	2.1714673042297363	0.0	2.595209836959839	1.0240046977996826	0.0	0.0
0.22901654243469238	0.0	1.1312305927276611	3.117008686065674	0.7410943508148193	1.0792430639266968	2.7027623653411865	1.0349920988082886	0.0	0.0	0.40597882866859436	0.18675877153873444	2.991689682006836	0.7303345203399658	0.0	0.0	2.4766974449157715	1.1420233249664307	0.4489831328392029	0.7785301804542542	2.6923205852508545	0.5448142290115356	3.2197787761688232	1.2959433794021606	1.290553331375122	0.0	0.5138528943061829	0.0	2.825786828994751	0.0	0.0	0.6436404585838318	0.18110331892967224	0.4117465615272522	0.45600947737693787	1.8534181118011475	0.4119584262371063	0.0	1.8482929468154907	0.5413377285003662	0.0	0.0	3.3379971981048584	0.0	0.2053789496421814	1.0337879657745361	1.5286380052566528	1.9089295864105225	1.1749333143234253	1.0901299715042114	0.0	3.1099653244018555	1.6908472776412964	1.1185824871063232	0.0	1.3089630603790283	3.630786180496216	0.0	1.7919421195983887	0.0	3.1258184909820557	0.3382566571235657	0.4740297198295593	0.2645299434661865
0.6469206809997559	1.5073577165603638	1.4695812463760376	1.1074469089508057	0.840087354183197	1.3799481391906738	0.2332916408777237	0.9487181305885315	0.8143970370292664	1.2217706441879272	0.0	0.4219861626625061	0.0	0.636574923992157	0.0	1.2278999090194702	0.0	2.4874680042266846	1.285392165184021	0.0	0.9474192261695862	2.6106090545654297	0.0	0.0	2.412106990814209	1.6922752857208252	0.819175660610199	2.8980376720428467	0.6584892272949219	2.808234453201294	1.9738438129425049	0.0	2.7142279148101807	1.3008757829666138	0.0	2.1571640968322754	2.0582077503204346	1.3350176811218262	0.0	1.376494288444519	3.001939535140991	0.0	1.637717604637146	0.2679705321788788	1.0182088613510132	0.0	0.0	3.090364694595337	3.347295045852661	1.195151448249817	2.176201820373535	0.0	0.32556048035621643	3.2211625576019287	1.7124476432800293	0.06076807156205177	0.0	1.2699185609817505	0.0	0.8057355284690857	0.49014225602149963	1.311938762664795	1.3816587924957275	0.5521647334098816
0.33492568135261536	1.4636608362197876	1.3300189971923828	1.066656231880188	0.9500319957733154	1.2164345979690552	0.38614434003829956	1.5780134201049805	0.0631503239274025	1.3054752349853516	0.017224973067641258	0.1956937164068222	0.0	1.2202048301696777	0.0	1.3373324871063232	0.0	2.8659963607788086	0.7621768116950989	0.0	0.8713474869728088	2.701517343521118	0.15968221426010132	1.204307198524475	2.6265578269958496	1.2480520009994507	0.7759795188903809	2.636026620864868	0.0	2.852835178375244	2.09832501411438	0.0	2.1329774856567383	0.9924525022506714	0.17888157069683075	2.033240556716919	2.747514009475708	2.068392276763916	0.0	1.3556245565414429	3.2470648288726807	0.00653940299525857	0.48130181431770325	0.34691470861434937	1.0164974927902222	0.8611231446266174	0.0	3.065913677215576	2.660412549972534	0.9526475667953491	1.8571743965148926	0.17968162894248962	0.2816755473613739	4.001504898071289	1.8501074314117432	0.0	0.0	1.7292025089263916	0.0	0.9123744964599609	0.3430534899234772	0.8789366483688354	1.343662142753601	0.631134033203125
1.2966517210006714	2.628929615020752	0.0	1.338990569114685	0.32723385095596313	2.4137094020843506	0.0	1.8059922456741333	2.9613561630249023	2.2796196937561035	1.7955478429794312	3.310011386871338	1.861938714981079	3.1676368713378906	1.4981589317321777	1.1741149425506592	0.8419981002807617	1.5010570287704468	1.0200176239013672	1.6528578996658325	1.5073341131210327	0.3904021978378296	0.2056368738412857	1.3483601808547974	0.4184853434562683	2.19596791267395	1.8232876062393188	2.760798931121826	0.34759679436683655	0.2898090183734894	0.652181088924408	0.0	0.0	1.8417034149169922	3.230699300765991	0.7133067846298218	0.0	1.3322793245315552	1.455440640449524	1.5705080032348633	0.8270562291145325	3.420405626296997	0.3943949341773987	0.8906188607215881	0.2880474925041199	0.10896068811416626	1.9126933813095093	0.0	0.7095998525619507	0.9974515438079834	3.900392770767212	3.3405556678771973	0.9982587695121765	2.8411343097686768	0.9049193859100342	1.9416393041610718	0.7302650213241577	3.9965970516204834	0.0	2.026569366455078	0.0	2.015864372253418	2.0863025188446045	3.7439138889312744
1.8555740118026733	0.0	0.34841445088386536	0.0	2.2955236434936523	1.9970107078552246	1.705081820487976	0.5156188607215881	1.0147212743759155	4.658513069152832	0.3982537090778351	0.4288722574710846	0.0	0.0	3.02842116355896	1.2645350694656372	0.0	0.0	0.09017183631658554	0.7787839770317078	0.0	0.0	2.474437952041626	0.0	0.0	0.27201566100120544	0.48440805077552795	0.369968980550766	0.20752733945846558	0.0	0.0	1.9245983362197876	0.9629518389701843	2.569844961166382	1.3207577466964722	1.7510114908218384	1.647653579711914	0.15097948908805847	0.0	0.06622321903705597	3.040531873703003	1.5717953443527222	0.0	2.744738817214966	2.966165542602539	1.4423469305038452	0.21772094070911407	0.8704360127449036	0.0	0.0	0.6080604195594788	0.0	0.25942251086235046	0.0	2.3195531368255615	0.0	0.0	1.9934004545211792	1.7044185400009155	0.0	2.1896002292633057	0.0	0.0	0.9595469832420349
1.7446556091308594	0.0	0.14075253903865814	0.11315908282995224	2.610694169998169	2.46899676322937	3.245013475418091	0.30708467960357666	0.8326427340507507	4.781853199005127	0.2755674421787262	1.2226921319961548	0.0	0.0	3.2133684158325195	1.2864004373550415	0.0	0.15322665870189667	0.359299898147583	0.9432206153869629	0.5374363660812378	0.48857852816581726	3.344238519668579	0.14261984825134277	0.4183318614959717	0.28806427121162415	0.4316100478172302	0.9414392113685608	0.25340762734413147	0.6845777034759521	0.603873074054718	1.3397799730300903	0.7873197793960571	1.9812241792678833	1.0196211338043213	3.1085314750671387	1.7695528268814087	0.24006840586662292	0.0	0.5958619713783264	3.5379440784454346	0.7424095273017883	0.0	1.820452332496643	2.6422502994537354	1.5416673421859741	0.016714107245206833	1.91817045211792	0.9219730496406555	0.14249873161315918	0.40945836901664734	0.0	0.7554332613945007	1.0344876050949097	2.1873154640197754	0.0	0.0	2.220512628555298	1.5995981693267822	0.0	2.1574835777282715	0.0	0.0	0.8585461378097534
0.5289598107337952	0.18108755350112915	2.7589118480682373	2.292255401611328	0.32884833216667175	0.21566203236579895	2.4446909427642822	2.100045919418335	1.282968282699585	0.45675477385520935	0.5749149322509766	0.17291276156902313	0.8929235339164734	0.3733035922050476	0.5914776921272278	0.41930916905403137	0.8905156254768372	2.9913864135742188	0.2508719563484192	0.17114217579364777	0.41805338859558105	2.1600823402404785	1.6324214935302734	0.4010574519634247	2.6303703784942627	0.6382731795310974	1.9444061517715454	2.1100058555603027	0.2814575433731079	2.6382510662078857	2.1934566497802734	1.5630741119384766	1.9942119121551514	1.5439105033874512	1.9298049211502075	1.1610556840896606	2.608398914337158	2.1114935874938965	0.45522740483283997	1.316766619682312	1.7974094152450562	2.2777671813964844	0.6455247402191162	0.9084120988845825	1.1581727266311646	1.9831329584121704	0.2780599594116211	2.0764997005462646	3.486842632293701	1.1949366331100464	1.83096182346344	0.0	0.6436412334442139	2.83931827545166	0.6709206700325012	0.0	1.466449499130249	1.3077725172042847	0.5541900396347046	0.6837906241416931	1.073451280593872	1.7280508279800415	0.5459707379341125	1.3337069749832153
1.5268157720565796	1.6399509906768799	0.5818572640419006	2.788342237472534	0.8464400768280029	1.5541067123413086	0.8609352707862854	1.8421320915222168	1.7776477336883545	2.2193610668182373	2.3259146213531494	3.823274850845337	1.8731549978256226	1.277138590812683	1.0420604944229126	2.591822624206543	0.7845478653907776	0.5169980525970459	1.360422134399414	1.2851626873016357	1.5300123691558838	1.4072972536087036	1.1250823736190796	0.528326153755188	0.0392632856965065	2.01588773727417	0.7096114754676819	1.3615212440490723	0.42525219917297363	0.18018142879009247	0.0	0.9915105700492859	0.0009807981550693512	2.234320878982544	2.792318344116211	0.9014930725097656	1.366446614265442	2.0019569396972656	0.21548275649547577	1.0561960935592651	0.2406310737133026	2.247775077819824	0.0	1.4616672992706299	0.7396493554115295	0.09378855675458908	0.9672964215278625	0.6270149350166321	0.0	1.522709846496582	3.0077755451202393	3.3206992149353027	0.6192606091499329	3.69040584564209	1.4723408222198486	2.722865581512451	1.0156769752502441	2.724785089492798	1.0388866662979126	0.8123205900192261	0.4597940742969513	1.3507801294326782	0.8644384741783142	2.87990665435791
0.21165405213832855	0.0	1.1863168478012085	2.2855467796325684	0.737135648727417	1.0188809633255005	3.7130186557769775	0.8454794883728027	0.0	0.0	0.0	0.0	2.5765089988708496	0.0	0.0	0.0	2.2989258766174316	1.4990860223770142	0.23911234736442566	0.0	2.947190761566162	0.0	3.094008684158325	1.0182968378067017	1.327723741531372	0.0	0.7272236943244934	0.0	2.927048444747925	0.2762969434261322	0.0	0.6003500819206238	0.22655846178531647	0.0	0.22816143929958344	2.881479501724243	0.940253496170044	0.0	2.022550344467163	0.0	0.3972938358783722	0.0	3.148367404937744	0.0	0.49126318097114563	1.3013681173324585	1.2655690908432007	2.3023600578308105	1.8541089296340942	0.6247696876525879	0.0	2.795612096786499	1.2135863304138184	0.11995551735162735	0.0	0.5244024991989136	2.727430582046509	0.0	1.0963830947875977	0.0	1.8562504053115845	1.1142276525497437	0.10299193859100342	0.0
0.4277222454547882	0.8390315771102905	0.5160610675811768	0.9466394186019897	0.04864070564508438	1.4763147830963135	0.0	0.0	3.188826322555542	0.8251426219940186	2.3874928951263428	2.6251261234283447	2.7839646339416504	0.060327429324388504	1.0922338962554932	0.0	2.214620351791382	0.6471490263938904	0.0	1.524997353553772	0.0	0.0	0.37384718656539917	2.350519895553589	0.0	0.8821426033973694	1.95632004737854	3.2741446495056152	1.0557606220245361	0.38138073682785034	0.7021578550338745	0.0010955707402899861	0.0	2.345964193344116	0.031153801828622818	0.0	0.0	0.0	1.7380907535552979	1.0426429510116577	0.1786660999059677	0.6943515539169312	0.0	1.3220603466033936	0.0	1.3378150463104248	2.4142074584960938	0.0	0.09950574487447739	1.7103829383850098	4.038768291473389	2.232118844985962	1.1707507371902466	0.0	0.0	1.1497000455856323	1.5308858156204224	4.308597087860107	0.5242376327514648	1.8724291324615479	0.0	1.4464619159698486	1.7427376508712769	3.7096707820892334
1.6528373956680298	2.804715633392334	0.004179672338068485	2.399716854095459	0.38996103405952454	1.7176439762115479	0.2774110436439514	1.8857678174972534	1.967443585395813	1.7241873741149902	2.002838373184204	3.6273961067199707	1.785931944847107	2.9346585273742676	1.2288533449172974	1.7997777462005615	0.3993563652038574	0.42652976512908936	0.6730580925941467	1.4266059398651123	1.005751371383667	1.4811240434646606	0.0	0.9692813754081726	0.10007347166538239	2.3560240268707275	1.0362755060195923	1.6685330867767334	0.0	0.0	0.1468256115913391	0.6126036047935486	0.0397159680724144	1.5468133687973022	2.3734540939331055	0.0	1.0882285833358765	2.0585193634033203	0.3354146182537079	1.830107569694519	0.12726281583309174	2.2261781692504883	0.0	1.499750018119812	0.0	0.4178411066532135	1.331675410270691	0.0	0.4313030540943146	0.40370601415634155	3.2893543243408203	3.0711045265197754	0.86513352394104	3.6243162155151367	1.4275518655776978	2.5541765689849854	0.054951928555965424	2.9537196159362793	0.2823719084262848	1.6014891862869263	0.0	0.5566277503967285	1.7040460109710693	3.2163734436035156
0.07568846642971039	0.0	1.2847272157669067	2.838070869445801	0.6797195672988892	1.5143859386444092	3.0298893451690674	0.7754315733909607	0.22028164565563202	0.0	0.02288450486958027	0.0	2.686704635620117	0.0	0.0	0.0	2.5591137409210205	1.192295789718628	0.16702328622341156	0.0	2.6591830253601074	0.0	3.122682809829712	1.008497714996338	1.426747441291809	0.0	0.9067317843437195	0.0	2.8325603008270264	0.0	0.14848721027374268	0.7536513805389404	0.6615764498710632	0.0	0.049720317125320435	1.6856096982955933	0.15513001382350922	0.05553906038403511	2.199737548828125	0.2455773502588272	0.0	0.0	3.099198341369629	0.0	0.21773263812065125	1.4014158248901367	1.7051864862442017	1.437048316001892	1.4059110879898071	1.269257664680481	0.0	2.418287992477417	1.0527501106262207	0.0	0.0	0.6338853240013123	3.9033043384552	0.0	1.4607716798782349	0.0	2.6378018856048584	0.7904708981513977	0.0	0.0
0.2995990514755249	1.7242159843444824	1.66482675075531	1.2617453336715698	0.681159496307373	2.180361747741699	0.0	0.5537014007568359	0.06673430651426315	0.6669895052909851	0.004709538538008928	0.0	0.05568601191043854	0.7406325936317444	0.0	1.2044570446014404	0.07405019551515579	2.152482032775879	1.7402541637420654	0.0	1.1070377826690674	2.0638267993927	0.01784253679215908	0.7625555992126465	2.3347623348236084	2.110369920730591	0.8657059669494629	2.7828338146209717	0.11131702363491058	2.398817539215088	2.2150166034698486	1.1163380146026611	2.7932991981506348	1.4663218259811401	0.0	2.7825963497161865	1.8213815689086914	1.1781771183013916	0.2265940010547638	1.9602817296981812	2.7120447158813477	0.0	2.1552743911743164	0.0	1.1794224977493286	0.0	0.31265023350715637	3.4657721519470215	3.1020126342773438	1.3221700191497803	2.273068904876709	0.09556366503238678	0.4199630916118622	2.2881786823272705	1.738766074180603	0.2874675989151001	0.0	1.2319802045822144	0.0393831692636013	1.1101995706558228	0.08419286459684372	1.4660793542861938	1.5743498802185059	0.4429238736629486
0.14456108212471008	1.9735738039016724	0.3985131084918976	0.40692493319511414	1.0933189392089844	2.274763584136963	0.6667977571487427	0.4736126959323883	2.46754789352417	0.0	0.4950930178165436	0.6006812453269958	2.172093629837036	0.0	1.1572602987289429	0.08758551627397537	2.0283172130584717	2.6524977684020996	0.0	0.6071246266365051	3.004880666732788	0.05075989291071892	1.5698689222335815	1.3418818712234497	0.3380228579044342	1.2315999269485474	1.9027087688446045	3.435530424118042	2.3328921794891357	0.9193429350852966	0.9146500825881958	0.0	0.7765520215034485	2.1417970657348633	0.0	3.36751127243042	0.4442586302757263	0.0	2.1779990196228027	1.0344668626785278	1.2829185724258423	0.0	4.1526055335998535	0.0	1.1028659343719482	1.9282653331756592	2.3308608531951904	0.29118791222572327	2.414445638656616	3.0702567100524902	4.285969257354736	3.6709914207458496	1.4386684894561768	0.0	0.18177549540996552	0.0	1.453355073928833	4.491921901702881	0.0	0.9203963279724121	0.0	2.294365644454956	1.9335460662841797	2.897002696990967
0.1424747258424759	1.4673113822937012	0.809967041015625	1.0166165828704834	0.556763768196106	2.2201828956604004	0.0	0.0	2.6904525756835938	0.3653806149959564	2.3836941719055176	1.9185129404067993	2.518144130706787	0.8706164360046387	0.7919451594352722	0.13649573922157288	2.2382898330688477	1.5178152322769165	0.0	1.501997709274292	0.621898353099823	0.0	0.8943648934364319	1.1918164491653442	0.06350696086883545	1.1246027946472168	2.0544049739837646	3.550990104675293	0.35045871138572693	0.30386069416999817	0.47659173607826233	0.16270241141319275	0.20045338571071625	2.5010581016540527	0.0	0.0	0.16362442076206207	0.0	1.8466814756393433	0.8495400547981262	0.0	0.5188164710998535	0.5057560801506042	0.611592710018158	0.12271052598953247	2.0484910011291504	1.9593981504440308	0.0	0.35060355067253113	2.0895981788635254	3.4130911827087402	3.65201473236084	0.7786613702774048	0.0	0.44618725776672363	0.5092009902000427	1.42850661277771	4.243904113769531	0.13504302501678467	1.4323067665100098	0.0	2.1348893642425537	1.5189775228500366	3.790238380432129
0.27704328298568726	0.0	1.4844470024108887	2.3411948680877686	0.8171780705451965	0.03999830037355423	2.9504265785217285	1.3213337659835815	0.0	0.0	0.0	0.0	2.5547852516174316	0.0	0.022147616371512413	0.0	2.5917856693267822	0.8091452717781067	0.183447927236557	0.04948439449071884	2.7700448036193848	0.0	3.615975856781006	0.9431512951850891	1.4631625413894653	0.0	0.0	0.0	2.762477397918701	0.0	0.0	0.583385705947876	0.2673059403896332	0.0	0.40742799639701843	2.2083580493927	1.1602996587753296	0.0	1.8581690788269043	0.651833176612854	0.0	0.0	2.721686601638794	0.0	0.5114924311637878	1.5326743125915527	1.4926811456680298	1.835692286491394	0.8595829010009766	0.1911238133907318	0.0	2.5306313037872314	1.2735490798950195	0.4801541864871979	0.0	0.36905038356781006	2.690997838973999	0.0	1.2115256786346436	0.0	3.0170559883117676	0.0	0.0	0.0
1.8000984191894531	0.017562860623002052	0.0	0.0	2.0009801387786865	2.0210015773773193	1.2525206804275513	0.006898638792335987	2.0346498489379883	4.554824352264404	0.0	0.928808867931366	0.0	0.06771950423717499	2.5911123752593994	2.30741810798645	0.0	0.0	0.6861317157745361	0.6005885004997253	0.0	0.2668728828430176	2.015784740447998	0.0	0.0	0.9373427033424377	1.3019251823425293	1.5500513315200806	0.0	0.4262790083885193	0.7820377349853516	0.6638020873069763	1.403202772140503	2.247159481048584	1.059278130531311	2.572430372238159	1.8369405269622803	0.37201711535453796	0.0	0.2645951807498932	3.721728563308716	1.542855978012085	0.0	3.138184070587158	3.015066146850586	1.0460907220840454	0.2525864839553833	1.8373700380325317	0.20547695457935333	0.08378522843122482	0.7506528496742249	0.0	0.25868064165115356	1.0384283065795898	2.5507664680480957	0.3325817286968231	0.0	2.941315174102783	1.6927270889282227	0.09809909760951996	2.3275132179260254	0.0	0.28229957818984985	1.040022850036621
0.13396380841732025	2.1197140216827393	0.07841014862060547	0.7607381939888	0.0	2.771676540374756	1.1778632402420044	0.8130151033401489	2.7751564979553223	1.6432089805603027	1.9909676313400269	2.661484956741333	2.8585751056671143	1.5620651245117188	0.8380333185195923	0.31151798367500305	1.4126614332199097	1.0662130117416382	0.0	1.5445078611373901	1.2899458408355713	0.10502957552671432	0.20661811530590057	1.4971961975097656	0.278522253036499	1.7100909948349	2.332451105117798	3.347890853881836	0.6116448640823364	0.43749985098838806	0.7893292903900146	0.8308517336845398	0.2693921625614166	2.004667043685913	3.1829116344451904	1.2065565586090088	0.0	1.8283863067626953	2.526447057723999	1.9160634279251099	0.49976658821105957	3.8676373958587646	1.1593663692474365	1.901157021522522	0.3261367678642273	1.2757703065872192	2.2758262157440186	0.0	1.2463178634643555	1.5342345237731934	4.148924350738525	3.96170711517334	1.0765559673309326	0.0	0.08320168405771255	0.9642260670661926	1.173935890197754	4.3358917236328125	1.9596854448318481	1.6808242797851562	0.0	1.7483398914337158	2.1345903873443604	3.8526108264923096
0.42256733775138855	1.984632968902588	0.26829996705055237	0.9187265634536743	0.04112554341554642	2.4379732608795166	0.0	0.0	1.7738536596298218	0.0	1.182350516319275	2.100414991378784	1.9801995754241943	0.5375149846076965	0.9979162812232971	0.20391353964805603	1.8512054681777954	2.857403039932251	0.27003026008605957	0.25335708260536194	2.5478312969207764	0.38652855157852173	0.5756048560142517	1.253750205039978	0.3116462826728821	0.941938042640686	2.2565133571624756	3.4445974826812744	0.6762581467628479	0.6609964370727539	0.8917454481124878	0.0	0.1145276427268982	1.7522412538528442	0.0	1.0783661603927612	0.0	0.0	2.0609240531921387	0.7661967277526855	0.9355354905128479	0.0	2.8241429328918457	0.0	0.6461347341537476	1.5187493562698364	2.292609930038452	0.0	1.095794916152954	1.5968022346496582	3.065326690673828	3.895195722579956	0.6553481817245483	0.0	0.2991844117641449	0.734760046005249	0.9296308755874634	3.2956912517547607	0.0	0.9573453664779663	0.0	2.2382924556732178	1.8297795057296753	3.5163400173187256
0.3753349184989929	0.7971657514572144	3.082540512084961	2.8247475624084473	0.0	0.6216958165168762	1.3632110357284546	2.0515012741088867	2.76781964302063	0.3442654609680176	0.2760753631591797	0.0	2.1668407917022705	0.6888622045516968	0.0	0.8135848641395569	1.270432949066162	2.4834232330322266	0.0	0.9431718587875366	0.0	1.8601382970809937	3.432901620864868	1.9053537845611572	1.5466796159744263	0.31321853399276733	0.0	0.08260440081357956	1.070965051651001	1.7206916809082031	1.0715868473052979	1.8044941425323486	0.8666957020759583	0.1709451824426651	2.6236376762390137	0.0	1.7953336238861084	2.4632015228271484	0.902210533618927	1.0733022689819336	0.0	1.309075951576233	0.0	1.7922683954238892	0.0	3.0946874618530273	0.49117398262023926	0.0	1.2207517623901367	1.270068645477295	1.1025128364562988	0.0	0.45326918363571167	3.683870792388916	0.0	0.0	2.5300915241241455	0.04746505618095398	0.8993769884109497	0.7648763060569763	2.366396427154541	1.606831431388855	0.0	1.960508942604065
0.67229163646698	2.0482006072998047	0.0	1.0571726560592651	0.5116658210754395	1.6063380241394043	0.0	0.0	0.8165253400802612	0.0	1.4258112907409668	1.8456833362579346	0.952407717704773	0.7090961337089539	1.3037025928497314	0.10935568064451218	1.8924171924591064	2.581153154373169	0.0	1.2871283292770386	2.213569164276123	0.20676113665103912	0.14868490397930145	2.4907052516937256	0.028546981513500214	2.537432909011841	2.262970447540283	3.125487804412842	0.14496175944805145	0.355910062789917	0.4403897225856781	0.0	0.0	1.7533724308013916	0.0	0.3253887891769409	0.0	0.11487865447998047	1.435141921043396	1.0812455415725708	0.272737592458725	0.0	2.377692699432373	0.0	0.36919841170310974	0.3891819417476654	2.1121325492858887	0.0	0.6492599844932556	1.1117881536483765	3.509873628616333	3.7481155395507812	0.7425410151481628	0.133907288312912	0.0	0.5521742701530457	0.4008032977581024	4.585102081298828	0.0	1.3610150814056396	0.0	1.6112000942230225	2.00297474861145	3.4868125915527344
0.1986600011587143	0.0	1.6285359859466553	2.8391788005828857	2.2408015727996826	1.6948109865188599	0.0	0.9770691990852356	0.0	0.26065149903297424	1.0738822221755981	0.8471511602401733	1.5985974073410034	2.2792840003967285	0.0	1.7857847213745117	1.509207844734192	0.0	2.59415864944458	0.18139459192752838	0.8017563819885254	0.0	0.824741780757904	0.4065398871898651	2.1793770790100098	0.7959554195404053	0.9758695363998413	0.0	1.4680157899856567	0.0	0.31013694405555725	0.4244471490383148	1.6429433822631836	0.0	0.0	2.8363184928894043	1.518322467803955	0.0	0.4635634124279022	1.1405932903289795	1.9442318677902222	0.7231927514076233	0.2905040383338928	0.3321418762207031	0.4669051766395569	0.0	1.727285623550415	2.8797314167022705	0.18278203904628754	1.4765214920043945	0.07056061923503876	0.4368487298488617	1.8078892230987549	0.2637302875518799	0.21728596091270447	1.7510803937911987	1.1941927671432495	0.0	2.347512722015381	0.44802743196487427	2.381560802459717	2.188608407974243	2.4744064807891846	0.0
0.0	0.003855565097182989	2.637601613998413	1.866957187652588	0.0	0.002559023443609476	3.0848135948181152	1.9857170581817627	1.6763060092926025	0.6727138757705688	0.0	0.0	1.5168761014938354	0.0	0.16934888064861298	0.8578851222991943	0.8169324398040771	3.235966682434082	0.0	0.3518800139427185	0.0	1.3620301485061646	3.393052339553833	1.202149748802185	1.7351505756378174	0.0	0.0	0.22263604402542114	1.2467117309570312	1.734037160873413	1.3586581945419312	1.958703637123108	1.6124290227890015	0.6541873216629028	2.938066005706787	0.0	2.62151837348938	2.850717067718506	0.0777268037199974	0.5933790802955627	0.9239152669906616	2.081547260284424	0.0	1.6900668144226074	0.32549312710762024	3.1867406368255615	0.0	0.30841127038002014	1.9093053340911865	1.4919828176498413	0.3638642132282257	0.0	0.289421945810318	3.3958845138549805	0.3930875062942505	0.0	2.143624782562256	0.4498555362224579	0.9374942183494568	0.0	2.152879476547241	1.0315572023391724	0.05263366177678108	0.060843292623758316
0.27905958890914917	1.434273600578308	0.2932541072368622	0.8326981067657471	0.0	2.0269060134887695	0.0	0.0	3.6581287384033203	0.269732266664505	1.6373552083969116	1.6799581050872803	2.1793389320373535	0.0	0.38304004073143005	0.0	1.6780927181243896	1.528505802154541	0.0	1.8576207160949707	0.0	0.0	0.4865269660949707	1.5515891313552856	0.12099923938512802	0.9124113917350769	1.107642412185669	3.124964714050293	0.2880029082298279	0.4021131992340088	0.5194165706634521	0.1724754124879837	0.21657748520374298	1.5043882131576538	0.0	0.0	0.0	0.11189965903759003	1.660758376121521	0.9766069650650024	0.1476745456457138	0.0	0.6030476093292236	1.8369531631469727	0.0	2.0912227630615234	1.9865696430206299	0.0	0.1565934270620346	1.605448603630066	3.7852396965026855	1.6670947074890137	1.651399850845337	0.0	0.0	0.5888951420783997	1.6435939073562622	4.437442302703857	0.3587264120578766	1.3419826030731201	0.0	1.6938471794128418	1.6843338012695312	3.921659231185913
0.0	0.2879759967327118	3.054018497467041	2.781287670135498	0.0	0.06324164569377899	2.043971300125122	1.721940040588379	1.984067678451538	0.0	0.0	0.2731066048145294	1.2580331563949585	0.16811466217041016	0.0	0.6802978515625	1.116256833076477	3.5036709308624268	0.5724515318870544	1.0042426586151123	0.4211832582950592	2.3842852115631104	2.118485450744629	0.6154586672782898	2.2692127227783203	0.10672067850828171	0.06580612063407898	2.2942285537719727	1.017772912979126	2.672365427017212	1.7612789869308472	1.513006567955017	1.1457239389419556	0.5372446179389954	2.687938690185547	0.24492710828781128	3.0046238899230957	2.524393081665039	0.20518459379673004	1.5158112049102783	0.21051639318466187	1.6562504768371582	0.09655524045228958	1.2394022941589355	0.0	2.466038465499878	0.2060326188802719	0.7365479469299316	1.4050757884979248	1.704864740371704	2.018249988555908	0.0	0.5106306076049805	3.875404119491577	0.44517233967781067	0.0	1.834852695465088	0.7573763132095337	0.9635644555091858	0.5128167867660522	1.0740478038787842	0.5843638777732849	0.28877654671669006	0.9103965163230896
0.8317587971687317	2.0687248706817627	0.651618242263794	0.7639058232307434	0.3677898049354553	3.1807727813720703	0.0	0.0	3.1592798233032227	0.0	1.0651195049285889	1.759283185005188	1.974763035774231	0.8847400546073914	0.9189650416374207	0.05329634249210358	2.0116355419158936	3.065295457839966	0.30479109287261963	0.5169239640235901	2.799229383468628	0.6421058773994446	0.4316379129886627	1.7023327350616455	0.36098936200141907	1.0336012840270996	2.2711987495422363	2.950169086456299	1.6344577074050903	0.42689722776412964	1.1025018692016602	0.0	0.022274047136306763	1.8485665321350098	0.0	2.664496421813965	0.0	0.0	2.7813777923583984	0.9792386889457703	0.8704076409339905	0.0	3.4241902828216553	0.05899832397699356	0.6107746362686157	0.786885142326355	2.4394690990448	0.0	1.1070020198822021	1.151012897491455	3.269414186477661	4.1690354347229	1.2988877296447754	0.0	0.0	0.7005517482757568	0.8501110672950745	4.853954315185547	0.0	1.287514090538025	0.0	1.8952960968017578	1.980104684829712	2.7688913345336914
0.0	1.4731429815292358	1.4561845064163208	0.62164306640625	0.3902120888233185	1.3861879110336304	0.0	0.5291881561279297	0.0	0.47530269622802734	0.33365562558174133	0.0923248678445816	0.0	1.1910459995269775	0.0	0.5968518257141113	0.0	1.9917566776275635	2.0333402156829834	0.004278724081814289	1.1989091634750366	1.4498140811920166	0.0	0.0	2.546682834625244	1.0492875576019287	0.9175730347633362	2.710327625274658	0.3914286494255066	2.7189137935638428	2.1462910175323486	0.0	2.6713783740997314	0.5194239020347595	0.0	2.7007036209106445	1.190689206123352	0.07335053384304047	0.6294559836387634	2.1222662925720215	2.8307156562805176	0.0	1.8766443729400635	0.0	1.3140596151351929	0.0	0.0	3.0442070960998535	3.784193992614746	0.9296512603759766	1.7227452993392944	0.06496702134609222	0.8019295930862427	0.7427024841308594	1.0714302062988281	0.0	0.0	0.8896816372871399	0.0	0.9648314118385315	0.0	2.8611135482788086	1.6118557453155518	0.2540167272090912
0.7601521611213684	0.0	3.1816649436950684	3.029109477996826	0.0	0.12390690296888351	2.5998494625091553	1.954783320426941	2.186314105987549	0.6751227378845215	0.0	0.0	1.2036268711090088	0.0	0.0	0.6814841628074646	0.7050700187683105	2.470065116882324	0.0	0.9878705143928528	0.0	1.7786351442337036	3.1868672370910645	0.7659379839897156	2.0212650299072266	0.0	0.0	0.6744999289512634	1.2869499921798706	1.8417108058929443	1.1426559686660767	1.9391413927078247	0.963257908821106	0.1157875508069992	2.752246618270874	0.0750596895813942	2.917783737182617	2.604149103164673	0.28487882018089294	1.6102609634399414	0.26256829500198364	1.949617624282837	0.0	1.7281272411346436	0.0	3.324277400970459	0.1653783917427063	0.0	0.9949665665626526	1.5441460609436035	1.941137433052063	0.0	0.4470486342906952	3.2006986141204834	0.6849527359008789	0.0	2.638681173324585	0.030489176511764526	1.3023968935012817	0.11071694642305374	2.5051958560943604	0.0	0.0	0.7564462423324585
